Price,Adj Close,Close,High,Low,Open,Volume
Ticker,000660.KS,000660.KS,000660.KS,000660.KS,000660.KS,000660.KS
Date,,,,,,
2015-01-02,41929.35546875,47750.0,48400.0,47650.0,47950.0,1155944
2015-01-05,41841.55078125,47650.0,48400.0,47500.0,48050.0,1409146
2015-01-06,41709.828125,47500.0,47600.0,46900.0,47000.0,1661196
2015-01-07,41622.02734375,47400.0,47600.0,46700.0,46700.0,1821266
2015-01-08,43861.18359375,49950.0,50000.0,47900.0,48250.0,5006675
2015-01-09,43641.66015625,49700.0,51400.0,49700.0,50700.0,3313929
2015-01-12,44168.51171875,50300.0,50500.0,49450.0,50000.0,1709997
2015-01-13,43026.984375,49000.0,49650.0,48500.0,48500.0,3047952
2015-01-14,42939.17578125,48900.0,49850.0,48850.0,48900.0,2241954
2015-01-15,43466.0390625,49500.0,49500.0,48850.0,48900.0,1468474
2015-01-16,41665.9296875,47450.0,48900.0,47250.0,48450.0,4820176
2015-01-19,41270.7734375,47000.0,47950.0,46800.0,47500.0,3180759
2015-01-20,41314.6796875,47050.0,47650.0,46800.0,47250.0,2211331
2015-01-21,42192.78125,48050.0,48200.0,47400.0,47500.0,2156709
2015-01-22,41270.7734375,47000.0,48450.0,47000.0,48100.0,2905955
2015-01-23,41709.828125,47500.0,47750.0,47200.0,47600.0,1572903
2015-01-26,42368.40625,48250.0,48300.0,47000.0,47250.0,1410144
2015-01-27,43158.703125,49150.0,49350.0,48800.0,49350.0,2292330
2015-01-28,43202.60546875,49200.0,49300.0,48200.0,49150.0,2333159
2015-01-29,41622.02734375,47400.0,49200.0,47300.0,48500.0,5020783
2015-01-30,41841.55078125,47650.0,48000.0,47300.0,48000.0,2743159
2015-02-02,40919.546875,46600.0,47600.0,46350.0,47300.0,3258140
2015-02-03,41007.35546875,46700.0,47450.0,46450.0,46450.0,2513399
2015-02-04,41534.2109375,47300.0,47450.0,47000.0,47400.0,1823018
2015-02-05,41402.4921875,47150.0,47400.0,46300.0,47300.0,1984849
2015-02-06,39953.625,45500.0,47200.0,45200.0,47100.0,4547785
2015-02-09,39690.19921875,45200.0,45950.0,45000.0,45300.0,2741040
2015-02-10,39646.28515625,45150.0,45800.0,45050.0,45250.0,2254222
2015-02-11,41139.06640625,46850.0,47050.0,45650.0,45900.0,3231887
2015-02-12,40963.44140625,46650.0,47500.0,46600.0,47450.0,1903965
2015-02-13,41314.6796875,47050.0,47450.0,46750.0,47000.0,1354556
2015-02-16,41709.828125,47500.0,47550.0,47200.0,47550.0,1534022
2015-02-17,40787.82421875,46450.0,47450.0,46300.0,47350.0,1677139
2015-02-23,41446.3984375,47200.0,47200.0,46400.0,46500.0,2273267
2015-02-24,41797.63671875,47600.0,47900.0,47200.0,47900.0,1880503
2015-02-25,40831.73046875,46500.0,47400.0,46400.0,47200.0,2633709
2015-02-26,41358.59375,47100.0,47200.0,46450.0,46750.0,1938544
2015-02-27,40919.546875,46600.0,47300.0,46250.0,47000.0,2344677
2015-03-02,41139.06640625,46850.0,46900.0,46300.0,46850.0,2246166
2015-03-03,41534.2109375,47300.0,47500.0,46650.0,47150.0,2100433
2015-03-04,40304.8671875,45900.0,47300.0,45700.0,47300.0,4160256
2015-03-05,39953.625,45500.0,46100.0,45250.0,45650.0,2214809
2015-03-06,40568.296875,46200.0,46400.0,45950.0,46050.0,1877771
2015-03-09,39602.390625,45100.0,45750.0,44850.0,45450.0,3175721
2015-03-10,38768.1875,44150.0,45500.0,43100.0,45200.0,5232109
2015-03-11,38109.6171875,43400.0,44000.0,43150.0,43500.0,4527681
2015-03-12,37977.90234375,43250.0,44100.0,43250.0,43400.0,3929253
2015-03-13,38724.28515625,44100.0,44150.0,43350.0,43350.0,1962212
2015-03-16,40217.06640625,45800.0,46000.0,44400.0,44400.0,4031380
2015-03-17,40612.203125,46250.0,46450.0,45850.0,46100.0,2790117
2015-03-18,40612.203125,46250.0,46400.0,45600.0,46250.0,2790286
2015-03-19,40743.921875,46400.0,47000.0,46300.0,46950.0,1983215
2015-03-20,41139.06640625,46850.0,46850.0,45850.0,46450.0,1948819
2015-03-23,42280.59765625,48150.0,48200.0,47050.0,47100.0,3781841
2015-03-24,42148.890625,48000.0,48200.0,47550.0,47700.0,2155547
2015-03-25,42412.3125,48300.0,48350.0,47850.0,48000.0,1830867
2015-03-26,41270.7734375,47000.0,47500.0,46550.0,47250.0,4469503
2015-03-27,40217.06640625,45800.0,46400.0,45400.0,46150.0,4492231
2015-03-30,39953.625,45500.0,46350.0,45100.0,46000.0,2776997
2015-03-31,39997.53125,45550.0,46350.0,45450.0,46300.0,2399612
2015-04-01,39514.578125,45000.0,46200.0,44900.0,45950.0,2051147
2015-04-02,39338.953125,44800.0,45350.0,44100.0,44550.0,3148519
2015-04-03,38812.08984375,44200.0,44800.0,44000.0,44300.0,2834100
2015-04-06,39295.0546875,44750.0,45100.0,44250.0,44450.0,2068077
2015-04-07,38592.56640625,43950.0,45050.0,43500.0,45000.0,3691912
2015-04-08,37407.1328125,42600.0,44150.0,42450.0,43900.0,5694496
2015-04-09,36792.4609375,41900.0,42550.0,41550.0,42000.0,5892744
2015-04-10,38285.2421875,43600.0,43800.0,42700.0,42850.0,6518647
2015-04-13,38812.08984375,44200.0,44500.0,43800.0,44400.0,3362917
2015-04-14,38636.48046875,44000.0,44400.0,43700.0,44250.0,2134645
2015-04-15,38899.90625,44300.0,44500.0,44000.0,44000.0,2146331
2015-04-16,39075.53125,44500.0,44900.0,44150.0,44750.0,2096120
2015-04-17,39119.43359375,44550.0,44750.0,44050.0,44700.0,2153757
2015-04-20,38856.0078125,44250.0,44400.0,43600.0,44100.0,2355455
2015-04-21,39646.28515625,45150.0,45500.0,44250.0,44600.0,3270598
2015-04-22,39734.109375,45250.0,46100.0,45250.0,45700.0,3816002
2015-04-23,40217.06640625,45800.0,46800.0,45650.0,46400.0,4995010
2015-04-24,41446.3984375,47200.0,47250.0,46500.0,46700.0,4400132
2015-04-27,40217.06640625,45800.0,47500.0,45400.0,47300.0,3688453
2015-04-28,41226.875,46950.0,46950.0,45700.0,46150.0,2311231
2015-04-29,41182.9765625,46900.0,47400.0,46300.0,47050.0,2422884
2015-04-30,40524.390625,46150.0,46900.0,45650.0,46900.0,2419318
2015-05-04,41095.15234375,46800.0,47100.0,46400.0,46500.0,2239896
2015-05-06,39778.00390625,45300.0,46350.0,45000.0,46300.0,3291950
2015-05-07,40304.8671875,45900.0,46000.0,44550.0,44850.0,2142745
2015-05-08,40348.78125,45950.0,46300.0,45050.0,45300.0,1695019
2015-05-11,40656.10546875,46300.0,46700.0,46000.0,46100.0,1592730
2015-05-12,40436.58203125,46050.0,47250.0,46000.0,46300.0,2364231
2015-05-13,39734.109375,45250.0,46150.0,45200.0,46100.0,1896100
2015-05-14,39997.53125,45550.0,46050.0,45200.0,45650.0,1889682
2015-05-15,39778.00390625,45300.0,45950.0,45200.0,45750.0,1215027
2015-05-18,39909.72265625,45450.0,45450.0,44400.0,45100.0,2195599
2015-05-19,40480.48828125,46100.0,46150.0,45500.0,45650.0,1510095
2015-05-20,41139.06640625,46850.0,46900.0,46400.0,46500.0,1784488
2015-05-21,40700.015625,46350.0,47500.0,46200.0,47000.0,1880002
2015-05-22,42017.16796875,47850.0,47850.0,46350.0,46750.0,3953338
2015-05-26,42148.890625,48000.0,49150.0,47800.0,48500.0,3594626
2015-05-27,42544.02734375,48450.0,48800.0,47500.0,48000.0,3441135
2015-05-28,43597.74609375,49650.0,50000.0,49150.0,49450.0,5512264
2015-05-29,44870.99609375,51100.0,51300.0,49200.0,49350.0,6512595
2015-06-01,44431.953125,50600.0,50900.0,49550.0,50600.0,4623131
2015-06-02,44958.8046875,51200.0,51500.0,50300.0,50700.0,2173205
2015-06-03,43729.45703125,49800.0,51700.0,49600.0,51000.0,2724813
2015-06-04,42412.3125,48300.0,49600.0,48100.0,49500.0,3262007
2015-06-05,43070.890625,49050.0,49550.0,48150.0,48300.0,2134371
2015-06-08,42192.78125,48050.0,48800.0,48000.0,48600.0,1954503
2015-06-09,42148.890625,48000.0,48300.0,47200.0,47750.0,2168902
2015-06-10,41709.828125,47500.0,48000.0,47500.0,48000.0,2649918
2015-06-11,41358.59375,47100.0,47900.0,47050.0,47800.0,2696182
2015-06-12,40875.640625,46550.0,47800.0,46450.0,47750.0,2307036
2015-06-15,40524.390625,46150.0,47100.0,46050.0,46550.0,1775422
2015-06-16,38812.08984375,44200.0,45300.0,44200.0,45250.0,6161260
2015-06-17,39470.66796875,44950.0,45250.0,44250.0,44250.0,3461566
2015-06-18,38899.90625,44300.0,44950.0,44300.0,44900.0,2225236
2015-06-19,38241.328125,43550.0,44550.0,43500.0,44350.0,3858378
2015-06-22,38504.7578125,43850.0,44150.0,43550.0,43800.0,2843715
2015-06-23,38768.1875,44150.0,44600.0,44000.0,44350.0,2676531
2015-06-24,38065.7109375,43350.0,44250.0,43150.0,44250.0,2694795
2015-06-25,37846.18359375,43100.0,43400.0,42800.0,43100.0,3270655
2015-06-26,36880.265625,42000.0,42250.0,41550.0,41550.0,7935060
2015-06-29,37407.1328125,42600.0,43050.0,40600.0,41000.0,4892150
2015-06-30,37143.70703125,42300.0,42800.0,41950.0,42650.0,2598797
2015-07-01,37582.74609375,42800.0,43200.0,42250.0,42800.0,2126825
2015-07-02,36968.078125,42100.0,43000.0,42000.0,43000.0,2592544
2015-07-03,37451.03515625,42650.0,43100.0,42200.0,42700.0,2903385
2015-07-06,35782.64453125,40750.0,42050.0,40350.0,42000.0,4533535
2015-07-07,36309.4921875,41350.0,41850.0,41000.0,41200.0,3183795
2015-07-08,35914.36328125,40900.0,41300.0,40750.0,41100.0,3335846
2015-07-09,35958.265625,40950.0,41050.0,39600.0,40400.0,3018029
2015-07-10,35870.453125,40850.0,41300.0,40350.0,41250.0,2738522
2015-07-13,35607.01953125,40550.0,41850.0,40500.0,41450.0,3707444
2015-07-14,33236.15234375,37850.0,40650.0,37800.0,40600.0,15180511
2015-07-15,34509.39453125,39300.0,39400.0,38350.0,38400.0,8281669
2015-07-16,34641.1171875,39450.0,39500.0,38650.0,39000.0,2373825
2015-07-17,35080.1640625,39950.0,40500.0,38700.0,39500.0,3352178
2015-07-20,33938.63671875,38650.0,40350.0,38650.0,40150.0,2535208
2015-07-21,34289.87890625,39050.0,39350.0,38500.0,38950.0,2531422
2015-07-22,33543.484375,38200.0,39000.0,37750.0,39000.0,3986610
2015-07-23,34245.96875,39000.0,40300.0,38600.0,40000.0,8215778
2015-07-24,33850.81640625,38550.0,39450.0,38500.0,39250.0,3411382
2015-07-27,32709.283203125,37250.0,38850.0,36850.0,38500.0,4142170
2015-07-28,32577.576171875,37100.0,37650.0,36500.0,36500.0,3657208
2015-07-29,32489.771484375,37000.0,37600.0,36800.0,37450.0,3040352
2015-07-30,30294.509765625,34500.0,36800.0,34050.0,36550.0,9328208
2015-07-31,32577.576171875,37100.0,37100.0,34750.0,34800.0,7074785
2015-08-03,31567.76171875,35950.0,37100.0,35500.0,36500.0,5481242
2015-08-04,32709.283203125,37250.0,37950.0,35450.0,35450.0,4060733
2015-08-05,32753.193359375,37300.0,38300.0,37000.0,37850.0,3330999
2015-08-06,31699.47265625,36100.0,37750.0,36050.0,37750.0,3888988
2015-08-07,31787.28125,36200.0,36450.0,35050.0,35650.0,3381532
2015-08-10,31875.09765625,36300.0,36400.0,35750.0,36200.0,1336480
2015-08-11,31699.47265625,36100.0,37200.0,36100.0,36300.0,2890084
2015-08-12,31436.046875,35800.0,36400.0,35400.0,35600.0,2824462
2015-08-13,32401.953125,36900.0,36900.0,35850.0,35900.0,2748437
2015-08-14,32401.953125,36900.0,36900.0,36900.0,36900.0,0
2015-08-17,31304.326171875,35650.0,37400.0,35650.0,37300.0,3808016
2015-08-18,30777.466796875,35050.0,36400.0,34700.0,35800.0,4706366
2015-08-19,28977.357421875,33000.0,34800.0,32650.0,34500.0,8813242
2015-08-20,29021.259765625,33050.0,33550.0,32850.0,33050.0,4588759
2015-08-21,28099.259765625,32000.0,32250.0,31400.0,31400.0,6084203
2015-08-24,27265.056640625,31050.0,32350.0,30300.0,31600.0,8593829
2015-08-25,29416.404296875,33500.0,33950.0,31300.0,31300.0,11821629
2015-08-26,29372.498046875,33450.0,34200.0,32850.0,33500.0,6534943
2015-08-27,31172.607421875,35500.0,35500.0,34150.0,34200.0,7063277
2015-08-28,32401.953125,36900.0,37700.0,36300.0,36550.0,7382006
2015-08-31,31436.046875,35800.0,36850.0,35650.0,36850.0,4408499
2015-09-01,30206.701171875,34400.0,35450.0,34200.0,35150.0,6442285
2015-09-02,30162.79296875,34350.0,34600.0,33350.0,33500.0,4161070
2015-09-03,31084.802734375,35400.0,35700.0,34350.0,34350.0,4222565
2015-09-04,30601.84375,34850.0,35950.0,34650.0,35400.0,2437386
2015-09-07,30514.033203125,34750.0,35100.0,34300.0,34800.0,1624613
2015-09-08,30514.033203125,34750.0,35100.0,34600.0,35000.0,1494929
2015-09-09,31611.66015625,36000.0,36500.0,35650.0,35800.0,3035809
2015-09-10,31567.76171875,35950.0,35950.0,35400.0,35400.0,3079224
2015-09-11,30733.564453125,35000.0,35750.0,35000.0,35450.0,3242067
2015-09-14,30382.31640625,34600.0,35450.0,34350.0,35300.0,2163452
2015-09-15,29504.21875,33600.0,34600.0,33350.0,34500.0,3880824
2015-09-16,30821.37109375,35100.0,35350.0,33800.0,33800.0,3876376
2015-09-17,31743.376953125,36150.0,36450.0,35350.0,35750.0,4734065
2015-09-18,31392.1328125,35750.0,36450.0,35450.0,36400.0,3267741
2015-09-21,30557.9375,34800.0,35250.0,34700.0,35200.0,2538367
2015-09-22,30645.75390625,34900.0,35150.0,34700.0,34900.0,2004067
2015-09-23,30470.125,34700.0,35250.0,34350.0,34500.0,1641929
2015-09-24,29723.74609375,33850.0,34950.0,33600.0,34900.0,4172759
2015-09-25,30162.79296875,34350.0,34400.0,33400.0,33750.0,2813254
2015-09-30,29460.3125,33550.0,33800.0,33350.0,33700.0,4158644
2015-10-01,29592.02734375,33700.0,33950.0,33500.0,33750.0,3667742
2015-10-02,30338.4140625,34550.0,34750.0,33800.0,34200.0,3052650
2015-10-05,31040.890625,35350.0,35950.0,35100.0,35250.0,4367169
2015-10-06,32665.37890625,37200.0,37200.0,36250.0,36300.0,5944141
2015-10-07,32753.193359375,37300.0,37700.0,36800.0,37050.0,3879936
2015-10-08,32972.71484375,37550.0,38100.0,36600.0,38000.0,3824312
2015-10-12,32358.046875,36850.0,37550.0,36700.0,37550.0,2519174
2015-10-13,31611.66015625,36000.0,37150.0,35800.0,36800.0,2961513
2015-10-14,31962.896484375,36400.0,37050.0,35900.0,36300.0,3720738
2015-10-15,32270.234375,36750.0,36800.0,35850.0,35950.0,2943506
2015-10-16,31699.47265625,36100.0,37050.0,36000.0,36900.0,1899386
2015-10-19,31392.1328125,35750.0,36200.0,35600.0,36150.0,1967828
2015-10-20,31348.23046875,35700.0,36150.0,35250.0,36000.0,2686193
2015-10-21,29548.125,33650.0,35000.0,33600.0,35000.0,9957394
2015-10-22,28055.34765625,31950.0,33450.0,31850.0,33200.0,10914420
2015-10-23,28187.0625,32100.0,32950.0,32050.0,32400.0,6341772
2015-10-26,28889.546875,32900.0,33100.0,32300.0,32350.0,3326112
2015-10-27,28230.974609375,32150.0,32650.0,32050.0,32100.0,3535671
2015-10-28,27616.298828125,31450.0,32450.0,31400.0,32150.0,4322506
2015-10-29,27616.298828125,31450.0,32150.0,31300.0,31700.0,4273016
2015-10-30,26957.72265625,30700.0,31200.0,30450.0,31150.0,4640184
2015-11-02,28230.974609375,32150.0,32250.0,30400.0,30700.0,4493014
2015-11-03,28011.4453125,31900.0,33000.0,31550.0,32500.0,4453120
2015-11-04,28626.115234375,32600.0,32700.0,32100.0,32500.0,3276995
2015-11-05,28670.01953125,32650.0,32700.0,32200.0,32350.0,1928001
2015-11-06,27396.7734375,31200.0,32400.0,31050.0,32350.0,5219855
2015-11-09,27440.681640625,31250.0,31300.0,30400.0,30900.0,3563095
2015-11-10,27352.87109375,31150.0,31350.0,30600.0,30850.0,2724051
2015-11-11,27221.15234375,31000.0,31200.0,30550.0,30700.0,2898877
2015-11-12,26957.72265625,30700.0,31000.0,30700.0,30950.0,1537585
2015-11-13,27352.87109375,31150.0,31600.0,30500.0,30500.0,1962129
2015-11-16,26782.1015625,30500.0,30950.0,30500.0,30600.0,2351453
2015-11-17,26869.912109375,30600.0,31150.0,30600.0,31050.0,1935683
2015-11-18,26826.0078125,30550.0,30800.0,30050.0,30600.0,3137103
2015-11-19,27396.7734375,31200.0,31600.0,30700.0,30800.0,2525784
2015-11-20,27221.15234375,31000.0,31750.0,31000.0,31500.0,2097039
2015-11-23,26913.814453125,30650.0,31250.0,30600.0,31150.0,2430154
2015-11-24,26518.673828125,30200.0,30850.0,30100.0,30600.0,3308696
2015-11-25,28011.4453125,31900.0,32000.0,30400.0,30400.0,6941459
2015-11-26,28757.830078125,32750.0,34150.0,32250.0,32400.0,13223992
2015-11-27,28099.259765625,32000.0,33600.0,32000.0,33200.0,3890920
2015-11-30,27748.017578125,31600.0,32650.0,31600.0,32050.0,3917877
2015-12-01,27528.48828125,31350.0,31650.0,30900.0,31650.0,3752942
2015-12-02,27396.7734375,31200.0,31900.0,31200.0,31550.0,2731791
2015-12-03,27352.87109375,31150.0,31350.0,30850.0,31050.0,1730137
2015-12-04,27396.7734375,31200.0,31450.0,30600.0,30700.0,2125421
2015-12-07,26957.72265625,30700.0,31700.0,30700.0,31450.0,2238378
2015-12-08,26518.673828125,30200.0,30750.0,30050.0,30500.0,2483443
2015-12-09,26562.580078125,30250.0,30550.0,30100.0,30100.0,1524501
2015-12-10,26606.482421875,30300.0,30550.0,30050.0,30200.0,3145787
2015-12-11,26211.333984375,29850.0,30550.0,29600.0,30200.0,2725258
2015-12-14,25464.947265625,29000.0,29350.0,28550.0,29000.0,3669577
2015-12-15,25816.193359375,29400.0,29600.0,28800.0,29050.0,2006190
2015-12-16,26694.291015625,30400.0,30500.0,29900.0,30050.0,2601080
2015-12-17,26562.580078125,30250.0,30550.0,29800.0,30250.0,2210682
2015-12-18,26869.912109375,30600.0,30700.0,29800.0,29800.0,2854920
2015-12-21,26782.1015625,30500.0,30800.0,30250.0,30450.0,1576561
2015-12-22,28274.875,32200.0,32200.0,30800.0,31000.0,6861264
2015-12-23,28713.923828125,32700.0,33000.0,31900.0,32100.0,5331047
2015-12-24,27835.828125,31700.0,33150.0,31700.0,32950.0,3624175
2015-12-28,27133.345703125,30900.0,31850.0,30900.0,31750.0,2535636
2015-12-29,27847.376953125,31200.0,31550.0,30800.0,30900.0,1965713
2015-12-30,27445.732421875,30750.0,31450.0,30550.0,31100.0,1801261
2016-01-04,26910.20703125,30150.0,30750.0,30150.0,30550.0,1878039
2016-01-05,27311.8515625,30600.0,31200.0,30350.0,30500.0,2482905
2016-01-06,27445.732421875,30750.0,30900.0,30300.0,30600.0,2461593
2016-01-07,26954.83203125,30200.0,30750.0,30200.0,30400.0,2424880
2016-01-08,26508.55859375,29700.0,30100.0,29550.0,29800.0,3967121
2016-01-11,25571.388671875,28650.0,29500.0,28600.0,29400.0,5358223
2016-01-12,24812.728515625,27800.0,28900.0,27700.0,28600.0,4418384
2016-01-13,25080.490234375,28100.0,28450.0,28000.0,28100.0,3481523
2016-01-14,24901.982421875,27900.0,27900.0,27200.0,27300.0,3957935
2016-01-15,23920.185546875,26800.0,28300.0,26800.0,27950.0,5431851
2016-01-18,23830.9296875,26700.0,27000.0,25800.0,25900.0,3658921
2016-01-19,25259.001953125,28300.0,28300.0,26700.0,26700.0,4291742
2016-01-20,23920.185546875,26800.0,28100.0,26750.0,28050.0,4186899
2016-01-21,23741.67578125,26600.0,27250.0,26600.0,26600.0,2840628
2016-01-22,24232.576171875,27150.0,27600.0,27000.0,27200.0,2361216
2016-01-25,24991.240234375,28000.0,28200.0,27300.0,27550.0,2977310
2016-01-26,24857.35546875,27850.0,29100.0,27750.0,28000.0,5351814
2016-01-27,24678.84765625,27650.0,28350.0,27250.0,28100.0,3205822
2016-01-28,24678.84765625,27650.0,27750.0,26850.0,27450.0,3035447
2016-01-29,24366.45703125,27300.0,27350.0,26950.0,27250.0,2898720
2016-02-01,25348.255859375,28400.0,28650.0,27700.0,28100.0,4767927
2016-02-02,25392.87890625,28450.0,28800.0,28150.0,28450.0,2865209
2016-02-03,24500.341796875,27450.0,27850.0,27200.0,27600.0,2705269
2016-02-04,25080.490234375,28100.0,28150.0,27600.0,27700.0,2459305
2016-02-05,25080.490234375,28100.0,28350.0,27900.0,28100.0,1484771
2016-02-11,24232.576171875,27150.0,27400.0,26950.0,27000.0,2468082
2016-02-12,24411.083984375,27350.0,27750.0,26850.0,26850.0,2350734
2016-02-15,24723.474609375,27700.0,28200.0,27500.0,27750.0,2162111
2016-02-16,25794.529296875,28900.0,29000.0,27800.0,27850.0,3851681
2016-02-17,26820.95703125,30050.0,30300.0,29150.0,29250.0,6106318
2016-02-18,26954.83203125,30200.0,30850.0,29800.0,30550.0,2972873
2016-02-19,26419.3046875,29600.0,30050.0,29250.0,29950.0,2336536
2016-02-22,26687.072265625,29900.0,30000.0,29400.0,29400.0,1366180
2016-02-23,27133.345703125,30400.0,30600.0,30000.0,30100.0,2123648
2016-02-24,27579.61328125,30900.0,31250.0,30600.0,31050.0,3480563
2016-02-25,27490.361328125,30800.0,31500.0,30650.0,31400.0,2527297
2016-02-26,27490.361328125,30800.0,31100.0,30450.0,31000.0,1282277
2016-02-29,26776.326171875,30000.0,30900.0,29600.0,30800.0,2989861
2016-03-02,27624.2421875,30950.0,31300.0,30650.0,31050.0,3567312
2016-03-03,28516.7890625,31950.0,32000.0,31100.0,31550.0,3898363
2016-03-04,28472.162109375,31900.0,32100.0,31550.0,31800.0,1913316
2016-03-07,28472.162109375,31900.0,32250.0,31500.0,32150.0,3487206
2016-03-08,27222.595703125,30500.0,31500.0,30300.0,31200.0,4616147
2016-03-09,27267.220703125,30550.0,30550.0,29650.0,29900.0,3503375
2016-03-10,27044.091796875,30300.0,30650.0,30150.0,30550.0,2734070
2016-03-11,27401.10546875,30700.0,30850.0,29900.0,29900.0,2117430
2016-03-14,27088.71484375,30350.0,31100.0,30250.0,31100.0,2062549
2016-03-15,26687.072265625,29900.0,30550.0,29750.0,30350.0,2078857
2016-03-16,26062.291015625,29200.0,29950.0,29050.0,29900.0,2902896
2016-03-17,26106.919921875,29250.0,29750.0,29100.0,29350.0,2768278
2016-03-18,26285.423828125,29450.0,29900.0,29250.0,29500.0,2864640
2016-03-21,26374.68359375,29550.0,29850.0,29300.0,29800.0,1783055
2016-03-22,26954.83203125,30200.0,30200.0,29550.0,29700.0,2546366
2016-03-23,26999.458984375,30250.0,30450.0,29850.0,30100.0,1868041
2016-03-24,26285.423828125,29450.0,29900.0,29350.0,29850.0,3587082
2016-03-25,26017.662109375,29150.0,29500.0,28900.0,29450.0,1978956
2016-03-28,25482.13671875,28550.0,29050.0,28150.0,29000.0,2795412
2016-03-29,25794.529296875,28900.0,29150.0,28700.0,28850.0,2343876
2016-03-30,25571.388671875,28650.0,29500.0,28650.0,29150.0,3512889
2016-03-31,25125.12109375,28150.0,28850.0,28000.0,28700.0,4336581
2016-04-01,25169.75,28200.0,28500.0,28050.0,28450.0,2991431
2016-04-04,24901.982421875,27900.0,28150.0,27800.0,28100.0,2823088
2016-04-05,24857.35546875,27850.0,28100.0,27600.0,27900.0,2032745
2016-04-06,24544.966796875,27500.0,27850.0,27450.0,27550.0,2410844
2016-04-07,24009.439453125,26900.0,27450.0,26750.0,27450.0,4588396
2016-04-08,24812.728515625,27800.0,27800.0,26900.0,26950.0,3718690
2016-04-11,24232.576171875,27150.0,27700.0,27150.0,27600.0,2425426
2016-04-12,24232.576171875,27150.0,27550.0,27100.0,27200.0,1850577
2016-04-14,24321.828125,27250.0,27850.0,27250.0,27600.0,4761215
2016-04-15,24678.84765625,27650.0,27800.0,27350.0,27450.0,2785108
2016-04-18,24277.203125,27200.0,28150.0,27200.0,28000.0,3861103
2016-04-19,24500.341796875,27450.0,27550.0,27350.0,27500.0,1843729
2016-04-20,24589.59375,27550.0,28000.0,27500.0,27500.0,3231788
2016-04-21,24589.59375,27550.0,27950.0,27500.0,27700.0,2999400
2016-04-22,24544.966796875,27500.0,27800.0,27350.0,27450.0,1556764
2016-04-25,24544.966796875,27500.0,27800.0,27350.0,27650.0,1506644
2016-04-26,26017.662109375,29150.0,29200.0,27550.0,27550.0,7750203
2016-04-27,26017.662109375,29150.0,29750.0,29000.0,29300.0,6213757
2016-04-28,24901.982421875,27900.0,29150.0,27850.0,29100.0,6766879
2016-04-29,25125.12109375,28150.0,28250.0,27500.0,27700.0,2878692
2016-05-02,24857.35546875,27850.0,28300.0,27750.0,27950.0,1306092
2016-05-03,24678.84765625,27650.0,28100.0,27650.0,27950.0,1373116
2016-05-04,23786.3046875,26650.0,27500.0,26500.0,27450.0,4388484
2016-05-09,22983.015625,25750.0,26550.0,25700.0,26150.0,5185089
2016-05-10,23563.16796875,26400.0,26400.0,25750.0,25750.0,2564593
2016-05-11,23384.66015625,26200.0,26550.0,26100.0,26500.0,1735332
2016-05-12,23295.404296875,26100.0,26250.0,25850.0,26050.0,1759282
2016-05-13,23295.404296875,26100.0,26250.0,25900.0,26100.0,1849910
2016-05-16,23295.404296875,26100.0,26300.0,25900.0,26100.0,1337159
2016-05-17,23116.892578125,25900.0,26300.0,25900.0,26250.0,1545947
2016-05-18,23384.66015625,26200.0,26400.0,25650.0,25800.0,2474774
2016-05-19,23741.67578125,26600.0,26900.0,26400.0,26750.0,4367007
2016-05-20,23473.912109375,26300.0,26650.0,26250.0,26600.0,2245019
2016-05-23,24277.203125,27200.0,27450.0,26650.0,26800.0,4534043
2016-05-24,23964.8125,26850.0,27350.0,26700.0,27350.0,2428278
2016-05-25,24143.322265625,27050.0,27450.0,26950.0,27450.0,2250906
2016-05-26,24098.6953125,27000.0,27200.0,26850.0,27150.0,1938084
2016-05-27,25571.388671875,28650.0,28750.0,27150.0,27200.0,7719656
2016-05-30,25883.78125,29000.0,29400.0,28650.0,28850.0,5492886
2016-05-31,25616.013671875,28700.0,29000.0,28200.0,28650.0,5414611
2016-06-01,25437.505859375,28500.0,29000.0,28400.0,28850.0,3630711
2016-06-02,25035.86328125,28050.0,29050.0,28000.0,28600.0,3443745
2016-06-03,24634.220703125,27600.0,28450.0,27400.0,28150.0,3680988
2016-06-07,25571.388671875,28650.0,28750.0,27650.0,27700.0,4435065
2016-06-08,25482.13671875,28550.0,29300.0,28450.0,29050.0,3940058
2016-06-09,25883.78125,29000.0,29400.0,28650.0,28700.0,5336122
2016-06-10,25883.78125,29000.0,29200.0,28700.0,29150.0,2413698
2016-06-13,25303.625,28350.0,28700.0,28000.0,28650.0,2607031
2016-06-14,25928.408203125,29050.0,29300.0,28150.0,28150.0,3490535
2016-06-15,26731.69921875,29950.0,30150.0,29300.0,29350.0,5751526
2016-06-16,26463.93359375,29650.0,30400.0,29350.0,30250.0,3687253
2016-06-17,25883.78125,29000.0,30000.0,28750.0,30000.0,2891783
2016-06-20,26820.95703125,30050.0,30050.0,29050.0,29800.0,4501015
2016-06-21,26597.8203125,29800.0,30150.0,29550.0,30050.0,2376833
2016-06-22,27624.2421875,30950.0,30950.0,30000.0,30200.0,5122638
2016-06-23,28338.279296875,31750.0,31800.0,30850.0,30900.0,7147499
2016-06-24,28382.904296875,31800.0,33100.0,30450.0,32800.0,16852175
2016-06-27,28606.0390625,32050.0,32050.0,31050.0,31350.0,6146337
2016-06-28,27802.748046875,31150.0,31600.0,30650.0,31150.0,5072467
2016-06-29,28382.904296875,31800.0,32200.0,31700.0,31800.0,3801424
2016-06-30,28918.435546875,32400.0,32550.0,31700.0,32000.0,4571310
2016-07-01,28695.294921875,32150.0,32700.0,31600.0,31800.0,5289586
2016-07-04,29230.822265625,32750.0,32900.0,32050.0,32250.0,3192033
2016-07-05,28427.533203125,31850.0,32650.0,31850.0,32650.0,2577231
2016-07-06,27311.8515625,30600.0,31350.0,30300.0,31100.0,6314347
2016-07-07,27356.478515625,30650.0,31350.0,30600.0,30750.0,2715183
2016-07-08,27713.494140625,31050.0,31250.0,30550.0,30700.0,2424460
2016-07-11,28561.4140625,32000.0,32300.0,31650.0,31750.0,3938161
2016-07-12,28561.4140625,32000.0,32300.0,31550.0,32250.0,2523664
2016-07-13,29141.568359375,32650.0,32950.0,32450.0,32700.0,3779418
2016-07-14,29498.58203125,33050.0,33300.0,32450.0,32500.0,3145494
2016-07-15,29186.1953125,32700.0,33500.0,32650.0,33300.0,2580255
2016-07-18,29230.822265625,32750.0,33100.0,32500.0,32900.0,1515167
2016-07-19,28963.0546875,32450.0,33000.0,31950.0,32900.0,2340759
2016-07-20,28650.666015625,32100.0,32400.0,31850.0,32300.0,1775583
2016-07-21,28695.294921875,32150.0,32800.0,32100.0,32400.0,1879147
2016-07-22,28561.4140625,32000.0,32150.0,31200.0,32150.0,2442893
2016-07-25,29007.6875,32500.0,32650.0,32150.0,32300.0,2147590
2016-07-26,28606.0390625,32050.0,32400.0,31100.0,32400.0,5028045
2016-07-27,29855.6015625,33450.0,33450.0,32550.0,32600.0,4762165
2016-07-28,29944.853515625,33550.0,33550.0,33000.0,33150.0,3586965
2016-07-29,30703.521484375,34400.0,34400.0,33450.0,33550.0,4660512
2016-08-01,31105.1640625,34850.0,35300.0,34600.0,34700.0,3274413
2016-08-02,30123.365234375,33750.0,34700.0,33650.0,34600.0,2123735
2016-08-03,29944.853515625,33550.0,34400.0,33000.0,33300.0,2698841
2016-08-04,30034.11328125,33650.0,34200.0,33350.0,33950.0,1477680
2016-08-05,31060.53125,34800.0,34900.0,33950.0,34300.0,2830058
2016-08-08,31194.412109375,34950.0,35250.0,34400.0,35150.0,2157854
2016-08-09,31283.669921875,35050.0,35200.0,34450.0,34850.0,2112078
2016-08-10,30167.994140625,33800.0,35000.0,33650.0,34900.0,3193311
2016-08-11,31060.53125,34800.0,34800.0,33450.0,33700.0,2980478
2016-08-12,30658.888671875,34350.0,35100.0,34200.0,34450.0,2437735
2016-08-16,30078.73828125,33700.0,34950.0,33700.0,34950.0,2883043
2016-08-17,29944.853515625,33550.0,33900.0,32900.0,33750.0,2083372
2016-08-18,30480.390625,34150.0,34250.0,33550.0,33550.0,1855081
2016-08-19,31596.064453125,35400.0,35400.0,34200.0,34400.0,4683750
2016-08-22,32131.59375,36000.0,36050.0,35250.0,35500.0,4149396
2016-08-23,31774.576171875,35600.0,36300.0,35550.0,36250.0,3014421
2016-08-24,31908.458984375,35750.0,35950.0,35300.0,35900.0,1689924
2016-08-25,31863.826171875,35700.0,35750.0,34900.0,35100.0,1568516
2016-08-26,32354.72265625,36250.0,36350.0,35750.0,35850.0,2635343
2016-08-29,32354.72265625,36250.0,36400.0,35300.0,35350.0,2782441
2016-08-30,32399.35546875,36300.0,36950.0,35550.0,36800.0,2766460
2016-08-31,32533.232421875,36450.0,36450.0,35750.0,36400.0,2832970
2016-09-01,32220.83984375,36100.0,36400.0,35700.0,36400.0,1713669
2016-09-02,32711.74609375,36650.0,36700.0,35950.0,36100.0,1828390
2016-09-05,33470.41015625,37500.0,37500.0,36850.0,36900.0,2337575
2016-09-06,33916.68359375,38000.0,38000.0,37350.0,37750.0,2123160
2016-09-07,33827.42578125,37900.0,38800.0,37900.0,38200.0,3786844
2016-09-08,34541.4609375,38700.0,38700.0,37900.0,37900.0,3698781
2016-09-09,34764.59375,38950.0,39000.0,38350.0,38550.0,2748415
2016-09-12,33024.140625,37000.0,38300.0,37000.0,37500.0,4885896
2016-09-13,33738.16796875,37800.0,38300.0,37500.0,37600.0,3928646
2016-09-19,34987.73046875,39200.0,39450.0,38250.0,38700.0,5283684
2016-09-20,35032.36328125,39250.0,39450.0,38750.0,39200.0,2594490
2016-09-21,34943.109375,39150.0,39150.0,38650.0,39000.0,1731450
2016-09-22,35166.2421875,39400.0,39800.0,39150.0,39800.0,3214630
2016-09-23,35121.6171875,39350.0,39650.0,39050.0,39550.0,2095120
2016-09-26,35255.50390625,39500.0,39500.0,38800.0,39350.0,1669862
2016-09-27,36728.19140625,41150.0,41150.0,39150.0,39400.0,4001505
2016-09-28,36772.82421875,41200.0,42000.0,40950.0,41300.0,4189804
2016-09-29,35880.2734375,40200.0,40750.0,40150.0,40600.0,3976705
2016-09-30,35880.2734375,40200.0,40950.0,39600.0,39750.0,3764773
2016-10-04,37308.34765625,41800.0,41800.0,41000.0,41500.0,3639803
2016-10-05,38022.3828125,42600.0,42950.0,41200.0,42150.0,4387312
2016-10-06,37977.7578125,42550.0,43150.0,42400.0,43100.0,2815496
2016-10-07,37665.36328125,42200.0,42700.0,41900.0,42700.0,2637734
2016-10-10,36862.06640625,41300.0,42500.0,41200.0,42200.0,2916252
2016-10-11,36862.06640625,41300.0,42000.0,41100.0,41300.0,2810503
2016-10-12,36817.4453125,41250.0,41900.0,41000.0,41000.0,3521492
2016-10-13,36549.6796875,40950.0,41700.0,40950.0,41450.0,3638071
2016-10-14,37085.2109375,41550.0,41900.0,41200.0,41300.0,2708972
2016-10-17,37754.62109375,42300.0,42300.0,41400.0,41750.0,2314725
2016-10-18,37174.46484375,41650.0,42300.0,41300.0,42200.0,2559222
2016-10-19,35746.38671875,40050.0,41450.0,39850.0,41150.0,5033246
2016-10-20,35746.38671875,40050.0,40300.0,38850.0,40250.0,5423960
2016-10-21,36549.6796875,40950.0,41000.0,39500.0,39500.0,2436212
2016-10-24,35835.65234375,40150.0,41150.0,39850.0,41000.0,2211109
2016-10-25,36638.94140625,41050.0,41650.0,40200.0,40350.0,4469224
2016-10-26,38290.14453125,42900.0,42900.0,41300.0,41300.0,6364037
2016-10-27,38379.40234375,43000.0,43600.0,42600.0,42900.0,4814197
2016-10-28,37888.50390625,42450.0,42950.0,42100.0,42700.0,2251179
2016-10-31,36594.31640625,41000.0,42900.0,41000.0,42500.0,3297943
2016-11-01,37486.859375,42000.0,42350.0,41600.0,41700.0,3173446
2016-11-02,36594.31640625,41000.0,41400.0,40450.0,41250.0,2822651
2016-11-03,36728.19140625,41150.0,41700.0,40700.0,40900.0,2580396
2016-11-04,36772.82421875,41200.0,41400.0,40850.0,41150.0,2600930
2016-11-07,37040.5859375,41500.0,42050.0,41200.0,41800.0,2033220
2016-11-08,37040.5859375,41500.0,42150.0,41250.0,42100.0,1882987
2016-11-09,35389.37890625,39650.0,41750.0,38700.0,41650.0,5779291
2016-11-10,36594.31640625,41000.0,41050.0,40500.0,41000.0,2520434
2016-11-11,35567.890625,39850.0,40450.0,39550.0,40000.0,2962651
2016-11-14,35434.0,39700.0,40450.0,39700.0,40000.0,1589911
2016-11-15,35434.0,39700.0,40400.0,39500.0,39700.0,2030086
2016-11-16,36460.4375,40850.0,41000.0,40250.0,40450.0,2101878
2016-11-17,37397.6015625,41900.0,41900.0,41200.0,41500.0,2383464
2016-11-18,37486.859375,42000.0,42400.0,41700.0,42300.0,3331134
2016-11-21,36371.1796875,40750.0,41900.0,40650.0,41800.0,1883627
2016-11-22,38111.64453125,42700.0,42800.0,41200.0,41250.0,3306186
2016-11-23,38424.03125,43050.0,43900.0,42550.0,43000.0,4047443
2016-11-24,38067.01171875,42650.0,43850.0,42500.0,43350.0,1789745
2016-11-25,38022.3828125,42600.0,43300.0,42250.0,43050.0,1328958
2016-11-28,38022.3828125,42600.0,43250.0,42100.0,42400.0,1513215
2016-11-29,37843.87890625,42400.0,43100.0,41800.0,42400.0,1777480
2016-11-30,38290.14453125,42900.0,43800.0,42650.0,42900.0,4325524
2016-12-01,39450.45703125,44200.0,44400.0,43000.0,43000.0,3491185
2016-12-02,39628.9609375,44400.0,44500.0,43300.0,43350.0,4244113
2016-12-05,39628.9609375,44400.0,44600.0,43800.0,44050.0,1703219
2016-12-06,40343.0,45200.0,45500.0,44600.0,44700.0,3099065
2016-12-07,40387.62890625,45250.0,45800.0,45200.0,45750.0,1984369
2016-12-08,41280.16796875,46250.0,46650.0,46100.0,46200.0,3313157
2016-12-09,40610.7578125,45500.0,46750.0,45450.0,46450.0,3003326
2016-12-12,40432.24609375,45300.0,45850.0,44850.0,45750.0,1440589
2016-12-13,40119.85546875,44950.0,45700.0,44700.0,44700.0,1822952
2016-12-14,40923.15234375,45850.0,46100.0,45350.0,45350.0,2010708
2016-12-15,40700.015625,45600.0,46050.0,45000.0,45850.0,1828843
2016-12-16,41414.05078125,46400.0,46450.0,45700.0,45800.0,2100809
2016-12-19,40298.3671875,45150.0,46300.0,45050.0,46250.0,1997194
2016-12-20,40298.3671875,45150.0,45550.0,44950.0,45400.0,1110753
2016-12-21,40164.4765625,45000.0,45750.0,45000.0,45500.0,1662010
2016-12-22,40610.7578125,45500.0,46650.0,45150.0,46000.0,4045912
2016-12-23,41324.796875,46300.0,46400.0,45950.0,46200.0,2982024
2016-12-26,40744.6328125,45650.0,46600.0,45250.0,46200.0,1603230
2016-12-27,40744.6328125,45650.0,45950.0,45400.0,45550.0,1175619
2016-12-28,41015.9765625,45350.0,45750.0,45100.0,45350.0,1296254
2016-12-29,40428.08984375,44700.0,45200.0,44600.0,45150.0,1808856
2017-01-02,41422.9609375,45800.0,46000.0,44600.0,44750.0,1547681
2017-01-03,42734.390625,47250.0,47300.0,46200.0,46200.0,2655477
2017-01-04,42056.0625,46500.0,47150.0,46200.0,47000.0,2722599
2017-01-05,42463.0546875,46950.0,47500.0,46850.0,47000.0,2377163
2017-01-06,43412.72265625,48000.0,48450.0,47600.0,47700.0,3166843
2017-01-09,44814.5859375,49550.0,49750.0,48200.0,48500.0,3871999
2017-01-10,44995.47265625,49750.0,50200.0,49200.0,49850.0,2561968
2017-01-11,46668.67578125,51600.0,51900.0,50000.0,50000.0,4360058
2017-01-12,45764.234375,50600.0,51600.0,50400.0,51600.0,5060622
2017-01-13,45492.9140625,50300.0,50700.0,49850.0,49850.0,4219771
2017-01-16,44588.47265625,49300.0,50300.0,48800.0,50100.0,4974924
2017-01-17,44588.47265625,49300.0,50200.0,49250.0,49300.0,2309955
2017-01-18,44181.47265625,48850.0,49400.0,48300.0,48950.0,2974091
2017-01-19,44859.80859375,49600.0,50100.0,49100.0,49550.0,2332268
2017-01-20,44452.80859375,49150.0,50100.0,49150.0,49700.0,1943195
2017-01-23,45945.125,50800.0,51000.0,49900.0,49950.0,4148659
2017-01-24,46668.67578125,51600.0,52000.0,51100.0,51300.0,3449130
2017-01-25,46759.11328125,51700.0,52500.0,51600.0,52200.0,2715809
2017-01-26,48206.20703125,53300.0,53500.0,52400.0,52500.0,4517114
2017-01-31,48567.9765625,53700.0,54500.0,52700.0,53300.0,4118790
2017-02-01,48839.30859375,54000.0,54900.0,53700.0,54300.0,2813046
2017-02-02,47753.98828125,52800.0,54000.0,52700.0,53500.0,3486140
2017-02-03,48567.9765625,53700.0,53700.0,51800.0,52500.0,3718619
2017-02-06,48567.9765625,53700.0,54400.0,53300.0,54200.0,1897002
2017-02-07,48206.20703125,53300.0,54500.0,53100.0,53800.0,2405891
2017-02-08,49381.96484375,54600.0,54600.0,52400.0,53700.0,3552260
2017-02-09,47663.5390625,52700.0,53700.0,52500.0,53100.0,6547266
2017-02-10,45221.578125,50000.0,52200.0,50000.0,52000.0,9120878
2017-02-13,45854.67578125,50700.0,51000.0,49500.0,49550.0,4124290
2017-02-14,43819.70703125,48450.0,51600.0,48100.0,51100.0,8593878
2017-02-15,43322.2734375,47900.0,48700.0,47550.0,48300.0,8725221
2017-02-16,44859.80859375,49600.0,49600.0,48200.0,48350.0,4840918
2017-02-17,45583.3515625,50400.0,51100.0,50200.0,50400.0,4927937
2017-02-20,45131.1328125,49900.0,51000.0,49600.0,50900.0,2265276
2017-02-21,46035.5703125,50900.0,51000.0,49350.0,49950.0,2227708
2017-02-22,45764.234375,50600.0,51700.0,50600.0,51600.0,2678429
2017-02-23,45402.46484375,50200.0,50400.0,49050.0,50000.0,3374139
2017-02-24,42960.49609375,47500.0,50000.0,47400.0,49850.0,7707747
2017-02-27,41603.8515625,46000.0,47000.0,45650.0,46850.0,7604699
2017-02-28,42236.94921875,46700.0,47600.0,46200.0,46600.0,5588155
2017-03-02,43141.38671875,47700.0,47850.0,46800.0,46850.0,7093071
2017-03-03,42598.7265625,47100.0,48250.0,46700.0,47650.0,3937032
2017-03-06,44633.69140625,49350.0,49400.0,47550.0,47600.0,5045970
2017-03-07,44136.2578125,48800.0,49300.0,48050.0,49100.0,3439908
2017-03-08,43412.72265625,48000.0,49300.0,47900.0,48800.0,3728263
2017-03-09,43412.72265625,48000.0,48850.0,48000.0,48200.0,2957372
2017-03-10,44498.03515625,49200.0,49550.0,47500.0,48100.0,3849912
2017-03-13,46126.01171875,51000.0,51100.0,49300.0,49550.0,4948062
2017-03-14,45492.9140625,50300.0,51900.0,50300.0,51800.0,4024138
2017-03-15,44136.2578125,48800.0,49500.0,48550.0,49350.0,4688787
2017-03-16,44452.80859375,49150.0,49650.0,48500.0,49350.0,3458839
2017-03-17,42282.171875,46750.0,48400.0,46600.0,48400.0,8098258
2017-03-20,43050.94140625,47600.0,47650.0,46550.0,46950.0,3929405
2017-03-21,43005.71484375,47550.0,48250.0,47000.0,47900.0,3720816
2017-03-22,44000.59375,48650.0,48800.0,47000.0,47000.0,4157526
2017-03-23,43819.70703125,48450.0,49300.0,48150.0,48950.0,2473925
2017-03-24,44769.36328125,49500.0,50200.0,49300.0,50000.0,5174622
2017-03-27,45854.67578125,50700.0,51100.0,49950.0,50000.0,5607032
2017-03-28,45945.125,50800.0,51300.0,50000.0,51200.0,2862493
2017-03-29,46397.33984375,51300.0,52200.0,50800.0,51000.0,4154277
2017-03-30,46035.5703125,50900.0,51500.0,50200.0,51100.0,2204243
2017-03-31,45673.79296875,50500.0,50800.0,49900.0,50800.0,2682196
2017-04-03,46849.55078125,51800.0,51900.0,50700.0,50800.0,2361892
2017-04-04,46126.01171875,51000.0,52200.0,50800.0,52100.0,2192884
2017-04-05,45492.9140625,50300.0,51000.0,49950.0,50600.0,2758658
2017-04-06,44678.91796875,49400.0,50500.0,49100.0,50300.0,2991825
2017-04-07,45040.6875,49800.0,49800.0,48700.0,49450.0,2645476
2017-04-10,44317.1484375,49000.0,49750.0,48950.0,49700.0,1824895
2017-04-11,44181.47265625,48850.0,49350.0,48400.0,48550.0,2384127
2017-04-12,44317.1484375,49000.0,49200.0,48550.0,48800.0,1694663
2017-04-13,44995.47265625,49750.0,50200.0,48650.0,49100.0,2367158
2017-04-14,45040.6875,49800.0,50700.0,49450.0,49750.0,2845128
2017-04-17,44498.03515625,49200.0,50300.0,49100.0,50200.0,2002100
2017-04-18,45402.46484375,50200.0,50400.0,49300.0,49600.0,1899560
2017-04-19,45085.91015625,49850.0,50400.0,49850.0,50300.0,1587172
2017-04-20,46487.78515625,51400.0,51700.0,49700.0,49750.0,3573280
2017-04-21,47030.4453125,52000.0,52500.0,51300.0,51800.0,3834454
2017-04-24,47392.21875,52400.0,53200.0,52100.0,52700.0,3158545
2017-04-25,47392.21875,52400.0,52800.0,51300.0,52800.0,5312931
2017-04-26,48567.9765625,53700.0,54200.0,53000.0,53100.0,5609007
2017-04-27,48477.53515625,53600.0,53900.0,52700.0,53800.0,2743963
2017-04-28,48839.30859375,54000.0,54700.0,53400.0,53600.0,3573387
2017-05-02,50105.51171875,55400.0,55900.0,54800.0,55300.0,4347745
2017-05-04,50557.73046875,55900.0,55900.0,55000.0,55900.0,2780438
2017-05-08,51462.1484375,56900.0,57000.0,55700.0,56000.0,3818771
2017-05-10,50286.39453125,55600.0,58100.0,55200.0,57400.0,4766870
2017-05-11,51009.94921875,56400.0,56400.0,54800.0,56000.0,3509393
2017-05-12,50015.06640625,55300.0,56400.0,55100.0,56400.0,2303244
2017-05-15,50286.39453125,55600.0,56100.0,55300.0,55300.0,1542366
2017-05-16,50015.06640625,55300.0,56800.0,55200.0,56200.0,2546047
2017-05-17,49472.40625,54700.0,55700.0,54400.0,55400.0,2485465
2017-05-18,50376.83984375,55700.0,55700.0,53400.0,53600.0,3494997
2017-05-19,49020.18359375,54200.0,55600.0,54200.0,55100.0,2860160
2017-05-22,50648.171875,56000.0,56000.0,54800.0,54900.0,2544180
2017-05-23,49834.18359375,55100.0,56500.0,55000.0,56400.0,2410542
2017-05-24,50467.28125,55800.0,56500.0,55600.0,55700.0,2324952
2017-05-25,50467.28125,55800.0,56400.0,55400.0,56400.0,1996135
2017-05-26,51643.04296875,57100.0,57100.0,56000.0,56000.0,3145737
2017-05-29,52366.58203125,57900.0,58800.0,57100.0,57700.0,3294700
2017-05-30,51914.36328125,57400.0,58400.0,56600.0,58200.0,2368225
2017-05-31,51552.59375,57000.0,57900.0,56500.0,57400.0,3314659
2017-06-01,51009.94921875,56400.0,56900.0,56100.0,56700.0,2006611
2017-06-02,51643.04296875,57100.0,57500.0,56400.0,56900.0,2481215
2017-06-05,50738.609375,56100.0,57200.0,55900.0,57200.0,2525078
2017-06-07,51100.3828125,56500.0,56900.0,55400.0,55900.0,3040030
2017-06-08,51281.265625,56700.0,57000.0,56200.0,56500.0,3941766
2017-06-09,52728.359375,58300.0,58400.0,56500.0,56700.0,4799560
2017-06-12,52004.80859375,57500.0,57900.0,56800.0,57200.0,2650404
2017-06-13,53180.578125,58800.0,58900.0,56900.0,57700.0,3431811
2017-06-14,53632.7890625,59300.0,60000.0,58800.0,59200.0,4441904
2017-06-15,54808.55859375,60600.0,61000.0,59300.0,59300.0,4549233
2017-06-16,54718.10546875,60500.0,61600.0,59900.0,61100.0,3932203
2017-06-19,56798.3046875,62800.0,63200.0,61300.0,61300.0,5315543
2017-06-20,57883.62109375,64000.0,65400.0,63700.0,64700.0,6519471
2017-06-21,58607.171875,64800.0,66300.0,62900.0,63300.0,5650669
2017-06-22,58788.0546875,65000.0,66500.0,64500.0,66500.0,4977159
2017-06-23,58788.0546875,65000.0,65400.0,63500.0,64500.0,3189590
2017-06-26,61049.12890625,67500.0,67500.0,65000.0,65000.0,3516630
2017-06-27,62586.6640625,69200.0,69600.0,67000.0,68200.0,4951341
2017-06-28,60777.80078125,67200.0,69200.0,66800.0,68100.0,5520578
2017-06-29,61953.578125,68500.0,68800.0,67100.0,67900.0,3702501
2017-06-30,60958.6875,67400.0,67800.0,67000.0,67400.0,3180822
2017-07-03,59963.81640625,66300.0,66900.0,65500.0,66500.0,3763473
2017-07-04,59511.6015625,65800.0,67100.0,65300.0,65900.0,2895782
2017-07-05,61501.3515625,68000.0,68200.0,65300.0,65600.0,4557456
2017-07-06,61591.796875,68100.0,69400.0,67500.0,69000.0,4048922
2017-07-07,60235.13671875,66600.0,68400.0,66100.0,67600.0,3242213
2017-07-10,60868.24609375,67300.0,67500.0,65700.0,67000.0,2667048
2017-07-11,62405.77734375,69000.0,69000.0,66900.0,67400.0,3187332
2017-07-12,62315.33984375,68900.0,69500.0,68400.0,68700.0,3462150
2017-07-13,63852.87109375,70600.0,71900.0,69200.0,69500.0,5432312
2017-07-14,64305.08203125,71100.0,72200.0,70700.0,71400.0,2931832
2017-07-17,64395.53515625,71200.0,71900.0,70200.0,71800.0,2804598
2017-07-18,64033.75390625,70800.0,71800.0,70600.0,70700.0,2066194
2017-07-19,64214.6484375,71000.0,71200.0,70000.0,71200.0,2009799
2017-07-20,64485.98046875,71300.0,71700.0,70800.0,71400.0,1647153
2017-07-21,64395.53515625,71200.0,71300.0,70300.0,70800.0,1599111
2017-07-24,66023.5,73000.0,73000.0,71000.0,71300.0,3598173
2017-07-25,63671.98046875,70400.0,73000.0,70100.0,72900.0,6028435
2017-07-26,60416.0390625,66800.0,69900.0,66700.0,69600.0,9659618
2017-07-27,61863.1171875,68400.0,69500.0,66800.0,66800.0,6177375
2017-07-28,58426.27734375,64600.0,67900.0,64200.0,67800.0,8093780
2017-07-31,59692.48046875,66000.0,66000.0,63700.0,63700.0,4769724
2017-08-01,59240.26953125,65500.0,66500.0,64700.0,65300.0,3744523
2017-08-02,61501.3515625,68000.0,68200.0,66600.0,67900.0,4161592
2017-08-03,59240.26953125,65500.0,67900.0,65200.0,67900.0,4992104
2017-08-04,57883.62109375,64000.0,66100.0,63200.0,65100.0,5938549
2017-08-07,57974.05859375,64100.0,65000.0,63700.0,64000.0,3518575
2017-08-08,59963.81640625,66300.0,66400.0,64800.0,64900.0,4372768
2017-08-09,58064.5,64200.0,65400.0,64000.0,65400.0,4037319
2017-08-10,58245.38671875,64400.0,64600.0,63200.0,63700.0,4474120
2017-08-11,55532.09765625,61400.0,63000.0,61400.0,62000.0,6664578
2017-08-14,58878.49609375,65100.0,65100.0,62300.0,63000.0,5239246
2017-08-16,59782.91796875,66100.0,67300.0,65800.0,67200.0,4714899
2017-08-17,60054.26171875,66400.0,67300.0,66100.0,66800.0,3709768
2017-08-18,60596.9140625,67000.0,67300.0,64800.0,64900.0,3130891
2017-08-21,60777.80078125,67200.0,67800.0,66600.0,67300.0,2570150
2017-08-22,61682.23828125,68200.0,68200.0,67200.0,67400.0,2208365
2017-08-23,61501.3515625,68000.0,69000.0,67600.0,69000.0,3072911
2017-08-24,61591.796875,68100.0,68700.0,67500.0,68200.0,2333347
2017-08-25,61863.1171875,68400.0,68400.0,67600.0,68300.0,1862764
2017-08-28,61410.90234375,67900.0,68100.0,67100.0,68000.0,1843458
2017-08-29,61139.57421875,67600.0,67900.0,66400.0,67300.0,2967906
2017-08-30,61953.578125,68500.0,68900.0,68100.0,68300.0,2118742
2017-08-31,62044.00390625,68600.0,69300.0,68200.0,68900.0,2054717
2017-09-01,62134.44140625,68700.0,69200.0,67700.0,69000.0,2304425
2017-09-04,61591.796875,68100.0,68600.0,66600.0,66600.0,3234465
2017-09-05,63219.75,69900.0,70100.0,67900.0,68600.0,4026248
2017-09-06,64847.74609375,71700.0,71900.0,69700.0,69900.0,4476200
2017-09-07,64576.41015625,71400.0,72800.0,71200.0,71600.0,3877849
2017-09-08,65661.734375,72600.0,72800.0,71500.0,72000.0,2868673
2017-09-11,66747.046875,73800.0,74200.0,73200.0,73600.0,3321612
2017-09-12,67561.046875,74700.0,74900.0,73500.0,74800.0,3676865
2017-09-13,68465.46875,75700.0,77400.0,74300.0,75000.0,5682708
2017-09-14,69460.34375,76800.0,76800.0,75700.0,76300.0,3366621
2017-09-15,69822.1171875,77200.0,77500.0,76000.0,76100.0,2725277
2017-09-18,72083.203125,79700.0,80000.0,77700.0,78200.0,3638325
2017-09-19,71630.9765625,79200.0,80500.0,78500.0,80100.0,3934389
2017-09-20,72987.6484375,80700.0,81200.0,78400.0,79300.0,5268665
2017-09-21,75158.265625,83100.0,83400.0,80400.0,81100.0,6961713
2017-09-25,78052.4453125,86300.0,86300.0,83600.0,83600.0,4656285
2017-09-26,78052.4453125,86300.0,86300.0,86300.0,86300.0,0
2017-09-27,74525.171875,82400.0,83800.0,81400.0,83100.0,5029200
2017-09-28,75248.703125,83200.0,85500.0,82500.0,84500.0,4817018
2017-09-29,74977.375,82900.0,84300.0,82200.0,83300.0,3579139
2017-10-10,80223.078125,88700.0,90000.0,85300.0,86300.0,7956055
2017-10-11,80584.859375,89100.0,90300.0,88100.0,89900.0,5500820
2017-10-12,80042.203125,88500.0,89900.0,88100.0,89200.0,4313702
2017-10-13,77871.5625,86100.0,88500.0,85600.0,88500.0,6101810
2017-10-16,76153.125,84200.0,87100.0,82800.0,86100.0,6985619
2017-10-17,75520.0390625,83500.0,86600.0,83500.0,85700.0,6802500
2017-10-18,73168.515625,80900.0,83300.0,80000.0,83200.0,9070685
2017-10-19,71450.109375,79000.0,81800.0,79000.0,79900.0,7675978
2017-10-20,73439.84375,81200.0,82400.0,79600.0,79800.0,6911051
2017-10-23,76605.359375,84700.0,84700.0,82100.0,82600.0,5388391
2017-10-24,73982.5,81800.0,84200.0,81600.0,84000.0,5236092
2017-10-25,73892.0703125,81700.0,82600.0,80300.0,82100.0,3914170
2017-10-26,71178.7734375,78700.0,82000.0,78500.0,80000.0,7528077
2017-10-27,70907.4296875,78400.0,78700.0,76500.0,78100.0,8929263
2017-10-30,72173.6328125,79800.0,81300.0,79100.0,79600.0,5883529
2017-10-31,74344.2890625,82200.0,82700.0,79200.0,80000.0,6620890
2017-11-01,77148.015625,85300.0,86000.0,84000.0,86000.0,7067296
2017-11-02,75429.6015625,83400.0,85100.0,83200.0,85000.0,4464960
2017-11-03,76334.0234375,84400.0,84500.0,81900.0,83400.0,4050123
2017-11-06,75520.0390625,83500.0,84100.0,83000.0,83600.0,3131468
2017-11-07,74525.171875,82400.0,83300.0,82200.0,82800.0,2993945
2017-11-08,75248.703125,83200.0,84400.0,81800.0,82100.0,3396387
2017-11-09,74525.171875,82400.0,83500.0,81600.0,83200.0,3748489
2017-11-10,74163.3984375,82000.0,82800.0,81000.0,81300.0,2357772
2017-11-13,74434.7109375,82300.0,83100.0,81800.0,82000.0,2955651
2017-11-14,75429.6015625,83400.0,84500.0,82900.0,83000.0,3399976
2017-11-15,74163.3984375,82000.0,84200.0,81900.0,83800.0,3207872
2017-11-16,74615.6015625,82500.0,82800.0,81200.0,82300.0,3053355
2017-11-17,75067.828125,83000.0,84800.0,83000.0,83300.0,4339090
2017-11-20,74253.8359375,82100.0,83300.0,81800.0,83300.0,2988991
2017-11-21,76876.6796875,85000.0,85000.0,82800.0,83200.0,5540888
2017-11-22,78504.65625,86800.0,87700.0,86100.0,86500.0,4592670
2017-11-23,76605.359375,84700.0,86300.0,84500.0,86200.0,2840382
2017-11-24,76967.1328125,85100.0,85400.0,83900.0,84500.0,2073899
2017-11-27,75158.265625,83100.0,86700.0,82000.0,86000.0,7105679
2017-11-28,74706.03125,82600.0,83600.0,81200.0,82900.0,4083144
2017-11-29,74525.171875,82400.0,83000.0,82100.0,82900.0,2418748
2017-11-30,69460.34375,76800.0,79600.0,76800.0,77000.0,11213748
2017-12-01,70003.0078125,77400.0,78800.0,77100.0,77200.0,4340592
2017-12-04,71540.5390625,79100.0,79200.0,76800.0,77600.0,4115752
2017-12-05,70455.2109375,77900.0,79300.0,77100.0,77600.0,3736568
2017-12-06,70093.4375,77500.0,79500.0,77200.0,78700.0,3934238
2017-12-07,68736.8046875,76000.0,78300.0,75600.0,78300.0,5166136
2017-12-08,71178.7734375,78700.0,78900.0,76900.0,77500.0,3660716
2017-12-11,71178.7734375,78700.0,79500.0,78000.0,79000.0,2493176
2017-12-12,70364.7734375,77800.0,79000.0,77100.0,79000.0,3746347
2017-12-13,69460.34375,76800.0,77500.0,76200.0,77400.0,3485920
2017-12-14,68736.8046875,76000.0,77600.0,76000.0,77200.0,5552560
2017-12-15,68465.46875,75700.0,77400.0,75600.0,77100.0,3374982
2017-12-18,69822.1171875,77200.0,77300.0,75900.0,76200.0,3237589
2017-12-19,72535.4140625,80200.0,80800.0,78200.0,78400.0,6782210
2017-12-21,69641.2109375,77000.0,80600.0,76900.0,80200.0,4831110
2017-12-22,69369.90625,76700.0,77400.0,76300.0,76400.0,3382954
2017-12-26,66927.9453125,74000.0,76900.0,74000.0,76600.0,6253943
2017-12-27,68853.2578125,75100.0,76400.0,74400.0,75400.0,4291492
2017-12-28,70136.8125,76500.0,76700.0,75200.0,75400.0,2825939
2018-01-02,70228.4921875,76600.0,77300.0,76200.0,77300.0,2014838
2018-01-03,71237.0,77700.0,78800.0,77300.0,78100.0,3097644
2018-01-04,70686.890625,77100.0,79700.0,77100.0,78700.0,3729328
2018-01-05,72703.921875,79300.0,79400.0,78300.0,78400.0,3395065
2018-01-08,71695.421875,78200.0,80000.0,77400.0,79500.0,2960495
2018-01-09,70503.5234375,76900.0,78900.0,76300.0,78300.0,3343874
2018-01-10,66836.2578125,72900.0,76700.0,72500.0,76700.0,9123901
2018-01-11,66561.2109375,72600.0,73800.0,72000.0,73200.0,3777867
2018-01-12,68211.4765625,74400.0,74500.0,72000.0,73300.0,5659087
2018-01-15,66652.8828125,72700.0,74100.0,72500.0,73700.0,3541267
2018-01-16,68211.4765625,74400.0,74700.0,72700.0,72700.0,4383229
2018-01-17,67936.4375,74100.0,75000.0,73700.0,74400.0,3256624
2018-01-18,68944.9375,75200.0,76800.0,74600.0,75800.0,6199800
2018-01-19,67202.984375,73300.0,75800.0,73000.0,75300.0,3898397
2018-01-22,65185.97265625,71100.0,72800.0,70700.0,72800.0,5610463
2018-01-23,65369.33984375,71300.0,72200.0,70900.0,71800.0,4671451
2018-01-24,66377.84375,72400.0,73200.0,71500.0,71600.0,3802939
2018-01-25,69495.03125,75800.0,76200.0,72300.0,73400.0,8758929
2018-01-26,69219.9921875,75500.0,76400.0,74200.0,76400.0,4296170
2018-01-29,69036.625,75300.0,77000.0,75000.0,76500.0,3618328
2018-01-30,67019.6015625,73100.0,74600.0,73100.0,74300.0,5443314
2018-01-31,67386.34375,73500.0,74500.0,72200.0,72200.0,5800892
2018-02-01,68211.4765625,74400.0,75200.0,74000.0,74900.0,2987816
2018-02-02,66194.484375,72200.0,74600.0,71800.0,74500.0,4343077
2018-02-05,64360.83203125,70200.0,70900.0,69800.0,70200.0,4058439
2018-02-06,64360.83203125,70200.0,71300.0,68200.0,69100.0,5679965
2018-02-07,65185.97265625,71100.0,73800.0,70800.0,73700.0,6007913
2018-02-08,67753.0703125,73900.0,74200.0,71600.0,71900.0,5586858
2018-02-09,67294.671875,73400.0,74200.0,72000.0,72100.0,5118112
2018-02-12,68303.171875,74500.0,74700.0,73400.0,73700.0,3317876
2018-02-13,71237.0,77700.0,77800.0,75800.0,75900.0,7814367
2018-02-14,71145.328125,77600.0,79500.0,77000.0,78400.0,3943628
2018-02-19,70136.8125,76500.0,79000.0,76100.0,78900.0,3350577
2018-02-20,69219.9921875,75500.0,76500.0,75200.0,76400.0,2507719
2018-02-21,70503.5234375,76900.0,77200.0,75800.0,75800.0,2653870
2018-02-22,69586.71875,75900.0,77400.0,75700.0,76100.0,1879461
2018-02-23,70870.2734375,77300.0,77600.0,76000.0,76100.0,2404473
2018-02-26,71053.6171875,77500.0,78500.0,77200.0,78300.0,2327486
2018-02-27,72153.8125,78700.0,79200.0,78400.0,78700.0,3395415
2018-02-28,70411.8515625,76800.0,79200.0,76600.0,78600.0,3102987
2018-03-02,70961.9453125,77400.0,77800.0,75900.0,76300.0,2673152
2018-03-05,71787.0859375,78300.0,78900.0,77100.0,77500.0,3415061
2018-03-06,75546.046875,82400.0,82500.0,80000.0,80100.0,7588369
2018-03-07,75821.0859375,82700.0,83900.0,82400.0,83600.0,4992841
2018-03-08,76554.5625,83500.0,84300.0,81800.0,83900.0,4440076
2018-03-09,76371.1875,83300.0,85900.0,83100.0,84400.0,5159197
2018-03-12,77838.109375,84900.0,85600.0,84300.0,84900.0,2744795
2018-03-13,82513.890625,90000.0,90000.0,87600.0,88000.0,8775741
2018-03-14,83155.6796875,90700.0,90900.0,89200.0,89300.0,5939290
2018-03-15,82147.171875,89600.0,90500.0,88600.0,90300.0,4106667
2018-03-16,82330.5234375,89800.0,89900.0,87200.0,88500.0,5006430
2018-03-19,82422.21875,89900.0,91500.0,89500.0,90200.0,3743718
2018-03-20,82147.171875,89600.0,89700.0,88000.0,88900.0,3083666
2018-03-21,81046.9765625,88400.0,90300.0,88000.0,89600.0,2942484
2018-03-22,81230.34375,88600.0,89300.0,88000.0,88800.0,2698169
2018-03-23,76187.8359375,83100.0,86400.0,82800.0,85100.0,7310739
2018-03-26,77012.953125,84000.0,84000.0,81000.0,82300.0,6121334
2018-03-27,74629.21875,81400.0,84800.0,80100.0,84700.0,7184488
2018-03-28,73620.75,80300.0,82200.0,79600.0,79900.0,4820673
2018-03-29,73620.75,80300.0,81300.0,79600.0,80800.0,3618849
2018-03-30,74537.5390625,81300.0,83300.0,81100.0,81200.0,3681673
2018-04-02,74537.5390625,81300.0,82800.0,81100.0,81700.0,2342407
2018-04-03,74995.953125,81800.0,81800.0,78700.0,80300.0,3553815
2018-04-04,73712.3984375,80400.0,83000.0,80000.0,82500.0,2964537
2018-04-05,76004.4765625,82900.0,83200.0,81200.0,82200.0,3255356
2018-04-06,73620.75,80300.0,80600.0,79300.0,80000.0,5693281
2018-04-09,73895.7734375,80600.0,81200.0,79300.0,80000.0,3231256
2018-04-10,73712.3984375,80400.0,80800.0,79200.0,80000.0,2924054
2018-04-11,74445.8671875,81200.0,82400.0,81000.0,82400.0,3053453
2018-04-12,77012.953125,84000.0,85100.0,81500.0,81900.0,5725102
2018-04-13,77196.3203125,84200.0,85900.0,83900.0,85000.0,3032369
2018-04-16,77012.953125,84000.0,84700.0,83400.0,84200.0,1489091
2018-04-17,75912.7890625,82800.0,84000.0,82300.0,83900.0,2501282
2018-04-18,77563.0703125,84600.0,85400.0,83700.0,84100.0,3375376
2018-04-19,80588.5703125,87900.0,88200.0,85300.0,85800.0,5901782
2018-04-20,77379.6875,84400.0,86300.0,84000.0,85900.0,4590640
2018-04-23,77379.6875,84400.0,85300.0,83300.0,83400.0,3002461
2018-04-24,75271.0,82100.0,83400.0,80400.0,83300.0,6804182
2018-04-25,75546.046875,82400.0,83000.0,80900.0,81600.0,3845661
2018-04-26,79305.015625,86500.0,87100.0,83300.0,83800.0,7551747
2018-04-27,79855.1171875,87100.0,88800.0,86800.0,88500.0,4961867
2018-04-30,77471.375,84500.0,85700.0,84000.0,85400.0,4653153
2018-05-02,76187.8359375,83100.0,86000.0,82900.0,85900.0,5444240
2018-05-03,76004.4765625,82900.0,83900.0,82800.0,83200.0,2362792
2018-05-04,76096.1484375,83000.0,84100.0,82600.0,83500.0,2696141
2018-05-08,76554.5625,83500.0,85300.0,83200.0,84500.0,2979605
2018-05-09,76462.8828125,83400.0,84700.0,83100.0,84300.0,2284106
2018-05-10,78663.2421875,85800.0,85800.0,84500.0,85400.0,3274963
2018-05-11,78938.28125,86100.0,86800.0,85400.0,86600.0,2107047
2018-05-14,78296.53125,85400.0,86300.0,84500.0,86100.0,1959236
2018-05-15,77563.0703125,84600.0,86000.0,83900.0,86000.0,2239370
2018-05-16,79763.421875,87000.0,87000.0,84800.0,85000.0,3040180
2018-05-17,79488.375,86700.0,88700.0,86000.0,88400.0,2864278
2018-05-18,80588.5703125,87900.0,88000.0,85400.0,87200.0,2187789
2018-05-21,81688.7578125,89100.0,89400.0,87400.0,88400.0,3262983
2018-05-23,87373.0390625,95300.0,95500.0,91500.0,91900.0,10378915
2018-05-24,86731.265625,94600.0,95900.0,94600.0,95300.0,3220029
2018-05-25,87281.375,95200.0,97700.0,93900.0,94300.0,4145819
2018-05-28,86639.5859375,94500.0,95600.0,93700.0,94600.0,2505786
2018-05-29,86914.640625,94800.0,96100.0,93500.0,94600.0,2733549
2018-05-30,87098.0078125,95000.0,95700.0,92800.0,94800.0,3808299
2018-05-31,85631.078125,93400.0,94700.0,92800.0,94500.0,5996671
2018-06-01,83797.4296875,91400.0,92200.0,89600.0,90800.0,4790644
2018-06-04,82330.5234375,89800.0,92400.0,89700.0,91000.0,3141036
2018-06-05,83430.71875,91000.0,91300.0,89800.0,89800.0,2758383
2018-06-07,83339.046875,90900.0,92700.0,90600.0,92700.0,2754947
2018-06-08,81046.9765625,88400.0,91000.0,87600.0,91000.0,4579508
2018-06-11,81780.4296875,89200.0,90200.0,88100.0,88800.0,2535933
2018-06-12,81046.9765625,88400.0,90100.0,88200.0,89900.0,1876012
2018-06-14,79121.640625,86300.0,88300.0,86300.0,88300.0,4646948
2018-06-15,79763.421875,87000.0,87800.0,86100.0,87400.0,2945006
2018-06-18,77012.953125,84000.0,86900.0,82300.0,86800.0,4723914
2018-06-19,77104.6484375,84100.0,86100.0,83700.0,84100.0,3824878
2018-06-20,80496.875,87800.0,88100.0,85000.0,85800.0,4183210
2018-06-21,81138.6796875,88500.0,89300.0,87500.0,88900.0,3274612
2018-06-22,82055.5078125,89500.0,89500.0,86700.0,87300.0,2569978
2018-06-25,77746.421875,84800.0,88800.0,84600.0,88800.0,4420542
2018-06-26,77288.0234375,84300.0,84800.0,82400.0,82500.0,5518522
2018-06-27,78113.140625,85200.0,86400.0,85200.0,85700.0,3798356
2018-06-28,76554.5625,83500.0,84000.0,82500.0,83000.0,3838303
2018-06-29,78571.546875,85700.0,85700.0,83400.0,83500.0,3003603
2018-07-02,76737.9140625,83700.0,86000.0,83400.0,85000.0,2033542
2018-07-03,78938.28125,86100.0,86500.0,84500.0,85000.0,2817592
2018-07-04,77929.796875,85000.0,87800.0,84400.0,87800.0,2744382
2018-07-05,79029.96875,86200.0,87300.0,85000.0,85000.0,2059342
2018-07-06,78204.8203125,85300.0,86200.0,83600.0,86200.0,3482186
2018-07-09,80313.53125,87600.0,87600.0,85300.0,85300.0,2127205
2018-07-10,80038.4609375,87300.0,88600.0,86700.0,88400.0,2002682
2018-07-11,79580.0625,86800.0,87600.0,85900.0,86500.0,2037358
2018-07-12,78479.8828125,85600.0,87000.0,85400.0,86800.0,3032951
2018-07-13,81413.7109375,88800.0,90100.0,86500.0,86500.0,4535954
2018-07-16,81872.125,89300.0,89300.0,87800.0,88700.0,1896459
2018-07-17,81230.34375,88600.0,90200.0,88500.0,90100.0,1570129
2018-07-18,81872.125,89300.0,91000.0,89100.0,89700.0,1937496
2018-07-19,82788.9375,90300.0,91200.0,90300.0,90400.0,2383489
2018-07-20,80588.5703125,87900.0,90000.0,87200.0,89700.0,3726334
2018-07-23,74904.2890625,81700.0,86400.0,81200.0,86300.0,7076375
2018-07-24,76646.234375,83600.0,83800.0,81700.0,82500.0,4023740
2018-07-25,73804.09375,80500.0,84000.0,80200.0,83400.0,4154596
2018-07-26,76187.8359375,83100.0,83800.0,78600.0,81300.0,6218102
2018-07-27,78938.28125,86100.0,86400.0,83100.0,83700.0,4943923
2018-07-30,78754.9296875,85900.0,86400.0,85100.0,86200.0,2301941
2018-07-31,79121.640625,86300.0,86300.0,84500.0,85200.0,2804543
2018-08-01,78479.8828125,85600.0,86400.0,85100.0,85900.0,2265008
2018-08-02,76279.515625,83200.0,85600.0,82900.0,85000.0,3373964
2018-08-03,76371.1875,83300.0,84100.0,83100.0,84000.0,1928574
2018-08-06,72795.578125,79400.0,82300.0,79300.0,82200.0,5910100
2018-08-07,73987.46875,80700.0,80800.0,79700.0,80100.0,3288142
2018-08-08,73162.3125,79800.0,81600.0,79400.0,81500.0,2804784
2018-08-09,71512.046875,78000.0,80300.0,77500.0,80100.0,5587662
2018-08-10,68853.2578125,75100.0,77600.0,74600.0,77200.0,6785694
2018-08-13,69128.3046875,75400.0,75700.0,74100.0,74300.0,3734794
2018-08-14,69586.71875,75900.0,76600.0,75500.0,75900.0,3206407
2018-08-16,68486.5234375,74700.0,75400.0,72500.0,73500.0,5550888
2018-08-17,68303.171875,74500.0,75500.0,74100.0,74400.0,2647963
2018-08-20,68486.5234375,74700.0,75400.0,74400.0,74700.0,2048829
2018-08-21,71878.7734375,78400.0,78700.0,74400.0,74800.0,5663191
2018-08-22,73162.3125,79800.0,80900.0,78200.0,79300.0,5295710
2018-08-23,74354.1875,81100.0,81300.0,79300.0,80300.0,3272130
2018-08-24,74995.953125,81800.0,82200.0,79600.0,80400.0,3612709
2018-08-27,76554.5625,83500.0,83800.0,81600.0,82100.0,3070598
2018-08-28,75546.046875,82400.0,84300.0,81900.0,84100.0,4466308
2018-08-29,75912.7890625,82800.0,83300.0,81600.0,82500.0,2330703
2018-08-30,75821.0859375,82700.0,83500.0,81500.0,82200.0,2337573
2018-08-31,76096.1484375,83000.0,83000.0,81800.0,81800.0,2303812
2018-09-03,73895.7734375,80600.0,82800.0,80500.0,82200.0,2618619
2018-09-04,74445.8671875,81200.0,81600.0,80200.0,80600.0,1903734
2018-09-05,73345.6640625,80000.0,81000.0,79900.0,80600.0,2627619
2018-09-06,72245.484375,78800.0,78900.0,77400.0,78300.0,4516654
2018-09-07,69586.71875,75900.0,76200.0,74100.0,74500.0,8388278
2018-09-10,70136.8125,76500.0,77100.0,75500.0,75900.0,4167711
2018-09-11,70228.4921875,76600.0,77800.0,76300.0,76400.0,3197796
2018-09-12,68853.2578125,75100.0,76200.0,74700.0,76200.0,4330147
2018-09-13,68303.171875,74500.0,75200.0,73900.0,74300.0,5257563
2018-09-14,71237.0,77700.0,77800.0,76000.0,76100.0,4124842
2018-09-17,70778.59375,77200.0,78200.0,76700.0,78000.0,2252063
2018-09-18,71512.046875,78000.0,78300.0,76100.0,76600.0,2450163
2018-09-19,72245.484375,78800.0,79700.0,78400.0,79400.0,2912259
2018-09-20,72520.546875,79100.0,79900.0,78000.0,78600.0,3392490
2018-09-21,70320.1796875,76700.0,77500.0,76300.0,77100.0,5678068
2018-09-27,68761.5859375,75000.0,75900.0,74700.0,75900.0,5841083
2018-09-28,67019.6015625,73100.0,75900.0,73100.0,75300.0,5824873
2018-10-01,67569.7109375,73700.0,74600.0,73200.0,74300.0,2970456
2018-10-02,65736.0703125,71700.0,74000.0,71600.0,73600.0,4089558
2018-10-04,64177.4609375,70000.0,72200.0,69800.0,71700.0,5778810
2018-10-05,64452.53125,70300.0,71100.0,69400.0,69700.0,5508014
2018-10-08,65277.66015625,71200.0,71800.0,69400.0,69500.0,2856291
2018-10-10,64452.53125,70300.0,71100.0,69800.0,70300.0,4161114
2018-10-11,63260.6484375,69000.0,70200.0,67500.0,67600.0,4936490
2018-10-12,66377.84375,72400.0,73200.0,69200.0,69200.0,4882184
2018-10-15,64452.53125,70300.0,71700.0,69900.0,71600.0,3727297
2018-10-16,63902.4296875,69700.0,71000.0,69600.0,70300.0,2211661
2018-10-17,64544.19921875,70400.0,71700.0,70300.0,71400.0,2653053
2018-10-18,62985.61328125,68700.0,69900.0,68700.0,69600.0,2849229
2018-10-19,64910.93359375,70800.0,70900.0,67800.0,68100.0,2688930
2018-10-22,64177.4609375,70000.0,70900.0,69600.0,69600.0,2377240
2018-10-23,63352.3359375,69100.0,70000.0,68600.0,69600.0,3175869
2018-10-24,61151.96875,66700.0,69600.0,65800.0,69400.0,5703361
2018-10-25,59318.32421875,64700.0,66000.0,63200.0,64700.0,5859332
2018-10-26,61427.00390625,67000.0,67100.0,62900.0,65100.0,6211406
2018-10-29,61243.65234375,66800.0,67800.0,64800.0,66600.0,4252977
2018-10-30,62527.1953125,68200.0,70900.0,65900.0,66000.0,6101533
2018-10-31,62527.1953125,68200.0,70400.0,67600.0,69300.0,5038931
2018-11-01,62618.8828125,68300.0,69600.0,67800.0,68900.0,3218076
2018-11-02,66561.2109375,72600.0,72800.0,69100.0,70600.0,5334082
2018-11-05,64635.8828125,70500.0,72100.0,70100.0,72000.0,3389386
2018-11-06,64269.15625,70100.0,70600.0,69100.0,70500.0,2624868
2018-11-07,64910.93359375,70800.0,72300.0,70100.0,70400.0,3770119
2018-11-08,66836.2578125,72900.0,73300.0,72600.0,72900.0,3930969
2018-11-09,66836.2578125,72900.0,73600.0,71900.0,72400.0,3414946
2018-11-12,68303.171875,74500.0,74500.0,71800.0,72200.0,3328433
2018-11-13,65919.4296875,71900.0,72500.0,69900.0,72300.0,4730929
2018-11-14,64544.19921875,70400.0,72100.0,70200.0,71400.0,2783377
2018-11-15,65827.75,71800.0,71800.0,70400.0,70800.0,1564647
2018-11-16,64269.15625,70100.0,72900.0,70000.0,72600.0,2894513
2018-11-19,63994.11328125,69800.0,70500.0,68900.0,69600.0,2303677
2018-11-20,61885.41796875,67500.0,68200.0,67000.0,67000.0,3325563
2018-11-21,62435.515625,68100.0,68300.0,66100.0,66900.0,3100596
2018-11-22,63535.703125,69300.0,69700.0,68000.0,68100.0,1966126
2018-11-23,63535.703125,69300.0,69700.0,68400.0,69500.0,1499166
2018-11-26,65002.609375,70900.0,71300.0,69000.0,69200.0,2361766
2018-11-27,64910.93359375,70800.0,71200.0,69700.0,71100.0,2293763
2018-11-28,65919.4296875,71900.0,72000.0,70700.0,71000.0,2441991
2018-11-29,65552.7109375,71500.0,73700.0,71200.0,73700.0,3270078
2018-11-30,63810.73828125,69600.0,71600.0,68800.0,71500.0,4167055
2018-12-03,64635.8828125,70500.0,71100.0,69800.0,71000.0,2760290
2018-12-04,63260.6484375,69000.0,70400.0,68400.0,69900.0,3222060
2018-12-05,62527.1953125,68200.0,68800.0,67200.0,67200.0,3008950
2018-12-06,60510.18359375,66000.0,68200.0,65700.0,67800.0,3902275
2018-12-07,61243.65234375,66800.0,67400.0,66600.0,66700.0,2590733
2018-12-10,60051.78125,65500.0,65900.0,64700.0,65900.0,2206084
2018-12-11,59501.6875,64900.0,66600.0,64800.0,66000.0,2457332
2018-12-12,60693.5546875,66200.0,66200.0,64900.0,65000.0,2901875
2018-12-13,60051.78125,65500.0,66400.0,64800.0,66300.0,4062323
2018-12-14,56659.5390625,61800.0,65300.0,61200.0,65200.0,5617675
2018-12-17,57026.265625,62200.0,62500.0,61000.0,61600.0,2506287
2018-12-18,56017.7578125,61100.0,61900.0,60800.0,61000.0,3098206
2018-12-19,55284.30859375,60300.0,61000.0,59700.0,60800.0,3561783
2018-12-20,53725.71484375,58600.0,59400.0,58100.0,59300.0,4889709
2018-12-21,55009.265625,60000.0,60500.0,58200.0,58200.0,3946994
2018-12-24,55375.98828125,60400.0,60700.0,59200.0,59600.0,2101703
2018-12-26,55100.953125,60100.0,60800.0,59300.0,59400.0,2455060
2018-12-27,57921.80859375,61600.0,61900.0,60600.0,61600.0,3047798
2018-12-28,56887.48828125,60500.0,62300.0,60500.0,61700.0,1647462
2019-01-02,56981.52734375,60600.0,61400.0,60000.0,61300.0,1934295
2019-01-03,54254.6796875,57700.0,60300.0,57500.0,60200.0,3337621
2019-01-04,54818.859375,58300.0,58500.0,56700.0,57500.0,3388087
2019-01-07,55194.96875,58700.0,59700.0,58400.0,59000.0,2273750
2019-01-08,55665.11328125,59200.0,60500.0,57600.0,57900.0,3062192
2019-01-09,59802.3828125,63600.0,63800.0,59400.0,59600.0,4928656
2019-01-10,61400.87890625,65300.0,65600.0,64000.0,64100.0,6034432
2019-01-11,61212.82421875,65100.0,65900.0,64200.0,65400.0,2890639
2019-01-14,58391.94140625,62100.0,65100.0,62000.0,64300.0,3282892
2019-01-15,60178.5078125,64000.0,64000.0,62200.0,62200.0,2413868
2019-01-16,60930.734375,64800.0,64900.0,62700.0,63800.0,2478497
2019-01-17,61024.765625,64900.0,66200.0,64600.0,65500.0,2830122
2019-01-18,60742.67578125,64600.0,65700.0,63900.0,65000.0,2263599
2019-01-21,62999.36328125,67000.0,67400.0,65000.0,65900.0,3977425
2019-01-22,62623.24609375,66600.0,68000.0,65700.0,67900.0,4047917
2019-01-23,62811.3203125,66800.0,67200.0,64800.0,65500.0,2825017
2019-01-24,66290.3828125,70500.0,70500.0,66900.0,66900.0,6914092
2019-01-25,70145.578125,74600.0,74800.0,71100.0,71600.0,7163871
2019-01-28,67512.7734375,71800.0,74900.0,71200.0,74700.0,4972189
2019-01-29,69017.2109375,73400.0,73800.0,71000.0,71400.0,3368642
2019-01-30,71367.9375,75900.0,76300.0,73000.0,73500.0,5304841
2019-01-31,69487.375,73900.0,77100.0,73700.0,76900.0,4447535
2019-02-01,71367.9375,75900.0,76400.0,74700.0,75400.0,3349965
2019-02-07,72120.1796875,76700.0,78200.0,76600.0,77500.0,4249110
2019-02-08,69111.25,73500.0,75500.0,73000.0,75200.0,4012485
2019-02-11,69675.4140625,74100.0,74100.0,72200.0,73000.0,3374192
2019-02-12,71367.9375,75900.0,76400.0,73900.0,74100.0,3526701
2019-02-13,71650.0390625,76200.0,77600.0,76100.0,77300.0,2378193
2019-02-14,72778.375,77400.0,77400.0,75100.0,75800.0,2313376
2019-02-15,69393.3359375,73800.0,76900.0,73800.0,76800.0,4154616
2019-02-18,70239.5859375,74700.0,75300.0,74000.0,74300.0,1772434
2019-02-19,69299.3046875,73700.0,74800.0,73000.0,74500.0,1462071
2019-02-20,71179.875,75700.0,76000.0,73600.0,73700.0,3134257
2019-02-21,72120.1796875,76700.0,77200.0,74600.0,75300.0,2874589
2019-02-22,72120.1796875,76700.0,76700.0,75300.0,75600.0,1882653
2019-02-25,70897.7890625,75400.0,77600.0,74800.0,77300.0,2865712
2019-02-26,70709.7421875,75200.0,75900.0,74100.0,75000.0,2483512
2019-02-27,69299.3046875,73700.0,75700.0,73700.0,75300.0,2864044
2019-02-28,65820.2265625,70000.0,72600.0,69900.0,72500.0,7869451
2019-03-04,65914.265625,70100.0,71400.0,69900.0,70300.0,4931703
2019-03-05,65538.140625,69700.0,70000.0,68300.0,68300.0,3465521
2019-03-06,64033.6875,68100.0,69600.0,67400.0,68500.0,4958303
2019-03-07,64033.6875,68100.0,68900.0,67100.0,67200.0,3402570
2019-03-08,62717.28515625,66700.0,68200.0,66200.0,67900.0,3571792
2019-03-11,62623.24609375,66600.0,67800.0,66200.0,67000.0,2869008
2019-03-12,63657.58203125,67700.0,68600.0,67500.0,67700.0,2753535
2019-03-13,62811.3203125,66800.0,67800.0,65900.0,67700.0,2851596
2019-03-14,63281.44921875,67300.0,67400.0,66400.0,67400.0,3107100
2019-03-15,64033.6875,68100.0,68700.0,66700.0,67400.0,3645592
2019-03-18,63751.6015625,67800.0,69300.0,67300.0,69200.0,2158588
2019-03-19,63939.6640625,68000.0,68000.0,66600.0,67300.0,2285169
2019-03-20,66290.3828125,70500.0,70600.0,67600.0,68400.0,3642962
2019-03-21,71367.9375,75900.0,76000.0,72600.0,73500.0,10030131
2019-03-22,71556.0,76100.0,78900.0,75900.0,78900.0,5286455
2019-03-25,68547.0859375,72900.0,74200.0,72600.0,73700.0,3752230
2019-03-26,68359.015625,72700.0,73300.0,71500.0,72900.0,2987678
2019-03-27,69017.2109375,73400.0,74100.0,71200.0,71800.0,2744175
2019-03-28,67982.8984375,72300.0,73600.0,71700.0,72300.0,2774932
2019-03-29,69769.4609375,74200.0,74900.0,72700.0,72900.0,3214170
2019-04-01,72026.1484375,76600.0,77100.0,75500.0,75600.0,3579070
2019-04-02,71838.0859375,76400.0,78000.0,76100.0,77900.0,2719440
2019-04-03,75129.1015625,79900.0,79900.0,76500.0,76800.0,4674142
2019-04-04,73718.6640625,78400.0,81400.0,77800.0,80400.0,5436236
2019-04-05,74282.8359375,79000.0,79300.0,77900.0,78200.0,2191720
2019-04-08,73248.53125,77900.0,79200.0,77600.0,78900.0,2663493
2019-04-09,73154.4765625,77800.0,78700.0,77400.0,77700.0,2322860
2019-04-10,73906.734375,78600.0,78800.0,76200.0,76700.0,2689591
2019-04-11,73718.6640625,78400.0,79500.0,78000.0,79200.0,2614388
2019-04-12,73436.5859375,78100.0,78800.0,77400.0,77400.0,2317264
2019-04-15,74941.046875,79700.0,79900.0,78600.0,79000.0,2019931
2019-04-16,75599.234375,80400.0,80800.0,79100.0,79900.0,2206997
2019-04-17,75411.1875,80200.0,82300.0,80000.0,81000.0,2886956
2019-04-18,74470.8984375,79200.0,81200.0,78500.0,80800.0,3295697
2019-04-19,76915.6484375,81800.0,82400.0,80100.0,80500.0,3040186
2019-04-22,75693.28125,80500.0,81800.0,79900.0,81500.0,1887109
2019-04-23,76163.4140625,81000.0,81800.0,80400.0,81000.0,1779318
2019-04-24,73812.6875,78500.0,81500.0,77500.0,81500.0,5318487
2019-04-25,75411.1875,80200.0,81500.0,78100.0,78400.0,5586360
2019-04-26,73906.734375,78600.0,79900.0,77600.0,78500.0,5183181
2019-04-29,75223.1171875,80000.0,80100.0,78200.0,78700.0,2987384
2019-04-30,74282.8359375,79000.0,80700.0,78100.0,79400.0,2960242
2019-05-02,75881.328125,80700.0,81200.0,79100.0,79700.0,3092434
2019-05-03,75599.234375,80400.0,81300.0,80300.0,81100.0,2481811
2019-05-07,75129.1015625,79900.0,80400.0,78700.0,79200.0,2700371
2019-05-08,75505.234375,80300.0,80500.0,78000.0,78700.0,2731620
2019-05-09,71461.9765625,76000.0,79700.0,75200.0,79600.0,5939278
2019-05-10,69957.5,74400.0,76700.0,73400.0,76100.0,5702537
2019-05-13,69111.25,73500.0,75000.0,72800.0,73900.0,3062929
2019-05-14,70145.578125,74600.0,75100.0,71600.0,72200.0,3712697
2019-05-15,70051.5390625,74500.0,75100.0,73900.0,74800.0,2056131
2019-05-16,67606.7734375,71900.0,75100.0,71600.0,74400.0,3467027
2019-05-17,67324.703125,71600.0,73300.0,71400.0,72500.0,2412668
2019-05-20,66666.5,70900.0,72800.0,70700.0,71800.0,1970694
2019-05-21,66102.328125,70300.0,72200.0,69700.0,70500.0,3893536
2019-05-22,64785.921875,68900.0,71300.0,68500.0,71300.0,3128787
2019-05-23,63939.6640625,68000.0,69100.0,67300.0,68400.0,3108370
2019-05-24,63563.5390625,67600.0,68600.0,67000.0,67300.0,3339145
2019-05-27,62905.33984375,66900.0,68200.0,66400.0,67900.0,2214176
2019-05-28,61965.0546875,65900.0,68300.0,65900.0,67200.0,12052399
2019-05-29,62153.11328125,66100.0,66700.0,64900.0,65600.0,6056903
2019-05-30,61965.0546875,65900.0,66900.0,65800.0,66300.0,3023108
2019-05-31,61400.87890625,65300.0,66900.0,64700.0,65900.0,3191350
2019-06-03,62623.24609375,66600.0,67200.0,64200.0,65200.0,4020572
2019-06-04,61212.82421875,65100.0,66700.0,65100.0,66500.0,2892681
2019-06-05,61212.82421875,65100.0,67600.0,64900.0,66900.0,4832796
2019-06-07,61494.90625,65400.0,66000.0,64600.0,65200.0,2355869
2019-06-10,62811.3203125,66800.0,67000.0,65800.0,66100.0,3091757
2019-06-11,63187.43359375,67200.0,67800.0,66700.0,66900.0,2429182
2019-06-12,61776.9921875,65700.0,67100.0,65700.0,66800.0,2437640
2019-06-13,59708.3671875,63500.0,65100.0,63300.0,64900.0,5947811
2019-06-14,59332.23828125,63100.0,64000.0,62600.0,63200.0,3686472
2019-06-17,59896.4140625,63700.0,63800.0,62400.0,62800.0,2435039
2019-06-18,59614.328125,63400.0,64200.0,63300.0,63800.0,1549497
2019-06-19,63187.43359375,67200.0,67300.0,65200.0,65800.0,6230370
2019-06-20,63281.44921875,67300.0,67400.0,66200.0,67200.0,2773637
2019-06-21,61965.0546875,65900.0,67300.0,65900.0,67100.0,2403002
2019-06-24,62905.33984375,66900.0,67400.0,65600.0,65900.0,2164462
2019-06-25,62717.28515625,66700.0,67400.0,66300.0,66700.0,1873766
2019-06-26,64785.921875,68900.0,69600.0,67900.0,68300.0,5024201
2019-06-27,66008.2890625,70200.0,71600.0,69700.0,70100.0,5361201
2019-06-28,65350.09375,69500.0,70900.0,68400.0,70900.0,3117569
2019-07-01,65820.2265625,70000.0,71000.0,69700.0,71000.0,3538183
2019-07-02,67136.6328125,71400.0,71700.0,69100.0,69700.0,2495399
2019-07-03,64973.9765625,69100.0,71700.0,69000.0,71100.0,2790684
2019-07-04,66008.2890625,70200.0,70700.0,69300.0,69600.0,1503707
2019-07-05,64315.77734375,68400.0,71000.0,68400.0,70300.0,2043271
2019-07-08,63375.48828125,67400.0,68000.0,66200.0,66400.0,2202260
2019-07-09,65632.1875,69800.0,70500.0,67900.0,68400.0,2912514
2019-07-10,68547.0859375,72900.0,73400.0,71000.0,71500.0,4346179
2019-07-11,70991.8359375,75500.0,75500.0,74000.0,74000.0,5111929
2019-07-12,70239.5859375,74700.0,75800.0,74400.0,75600.0,2638271
2019-07-15,71650.0390625,76200.0,76500.0,74400.0,74500.0,2122090
2019-07-16,71556.0,76100.0,76500.0,74800.0,74800.0,2450278
2019-07-17,70145.578125,74600.0,75200.0,74000.0,74600.0,2805672
2019-07-18,70239.5859375,74700.0,75200.0,73900.0,74300.0,1902110
2019-07-19,72214.203125,76800.0,77000.0,75600.0,75900.0,2635348
2019-07-22,73718.6640625,78400.0,79200.0,77000.0,77800.0,3213786
2019-07-23,74094.765625,78800.0,80700.0,78200.0,79700.0,4814941
2019-07-24,72966.4375,77600.0,80200.0,77100.0,78800.0,3562342
2019-07-25,74470.8984375,79200.0,80400.0,77700.0,79700.0,3963383
2019-07-26,75035.0703125,79800.0,80300.0,78000.0,78100.0,3095260
2019-07-29,72402.265625,77000.0,79400.0,76500.0,79000.0,2616782
2019-07-30,74188.8203125,78900.0,80000.0,77700.0,78200.0,2371300
2019-07-31,72308.21875,76900.0,79100.0,75300.0,78000.0,3712241
2019-08-01,73060.4765625,77700.0,78700.0,75300.0,75300.0,3397831
2019-08-02,71556.0,76100.0,76800.0,74900.0,75400.0,4845952
2019-08-05,70897.7890625,75400.0,76000.0,74900.0,75500.0,2889902
2019-08-06,67700.8203125,72000.0,73900.0,71900.0,73100.0,5008247
2019-08-07,68923.1953125,73300.0,74300.0,72000.0,72000.0,2692841
2019-08-08,67982.8984375,72300.0,74500.0,72000.0,73600.0,2943206
2019-08-09,68923.1953125,73300.0,74100.0,72300.0,73200.0,2100380
2019-08-12,70051.5390625,74500.0,75000.0,73500.0,73700.0,1254926
2019-08-13,70051.5390625,74500.0,75100.0,73700.0,74000.0,1304708
2019-08-14,72308.21875,76900.0,77900.0,76200.0,77200.0,2561643
2019-08-16,71838.0859375,76400.0,76400.0,75100.0,75800.0,2015785
2019-08-19,70615.703125,75100.0,77500.0,74800.0,77300.0,1591728
2019-08-20,71838.0859375,76400.0,76600.0,75100.0,75500.0,1694275
2019-08-21,71273.8984375,75800.0,76900.0,75500.0,75900.0,1898789
2019-08-22,69393.3359375,73800.0,76000.0,73800.0,75300.0,2309550
2019-08-23,69957.5,74400.0,75200.0,73400.0,73500.0,1695532
2019-08-26,67512.7734375,71800.0,73000.0,71500.0,72600.0,2645491
2019-08-27,68641.109375,73000.0,73700.0,72500.0,72500.0,2512610
2019-08-28,68923.1953125,73300.0,73700.0,72500.0,73500.0,1380522
2019-08-29,68923.1953125,73300.0,74100.0,72000.0,73500.0,2050860
2019-08-30,72778.375,77400.0,78000.0,74600.0,74600.0,3839246
2019-09-02,72966.4375,77600.0,78200.0,76500.0,77000.0,1431352
2019-09-03,72402.265625,77000.0,77600.0,76300.0,77200.0,1611563
2019-09-04,75223.1171875,80000.0,80000.0,77300.0,77400.0,2723541
2019-09-05,78043.9921875,83000.0,83000.0,81200.0,81400.0,4068631
2019-09-06,77009.6640625,81900.0,84000.0,81500.0,84000.0,2418057
2019-09-09,79266.3828125,84300.0,84600.0,82500.0,83100.0,2642174
2019-09-10,78138.03125,83100.0,84200.0,82700.0,84200.0,1761883
2019-09-11,77667.875,82600.0,84300.0,81300.0,83400.0,3650902
2019-09-16,74752.9765625,79500.0,81000.0,79000.0,81000.0,5174391
2019-09-17,74658.9453125,79400.0,80400.0,79100.0,80000.0,2538780
2019-09-18,75411.1875,80200.0,80600.0,79500.0,80100.0,2706678
2019-09-19,77761.90625,82700.0,82700.0,80300.0,80600.0,3612220
2019-09-20,77291.7734375,82200.0,83400.0,82100.0,82800.0,2447172
2019-09-23,77855.9453125,82800.0,83300.0,81900.0,81900.0,1413663
2019-09-24,78420.1171875,83400.0,83500.0,81400.0,82500.0,1662830
2019-09-25,77009.6640625,81900.0,82800.0,81500.0,82200.0,1644881
2019-09-26,78326.078125,83300.0,83500.0,82500.0,83000.0,1734941
2019-09-27,76539.5390625,81400.0,81500.0,80100.0,80200.0,2625620
2019-09-30,77291.7734375,82200.0,82900.0,80400.0,80600.0,2442478
2019-10-01,77103.7109375,82000.0,82500.0,81700.0,81800.0,2370210
2019-10-02,74752.9765625,79500.0,81600.0,79500.0,81600.0,2188097
2019-10-04,75505.234375,80300.0,81300.0,78900.0,78900.0,2430603
2019-10-07,75505.234375,80300.0,81700.0,79800.0,80700.0,1229105
2019-10-08,76069.3828125,80900.0,81100.0,79400.0,80400.0,1816880
2019-10-10,74282.8359375,79000.0,79600.0,78100.0,78900.0,4389324
2019-10-11,75223.1171875,80000.0,80500.0,79400.0,79800.0,2186536
2019-10-14,75693.28125,80500.0,82300.0,80400.0,82000.0,1972409
2019-10-15,76351.4765625,81200.0,81700.0,80500.0,80700.0,1518810
2019-10-16,77479.8203125,82400.0,82700.0,81900.0,82400.0,2436269
2019-10-17,76163.4140625,81000.0,82200.0,80600.0,82000.0,1713942
2019-10-18,72778.375,77400.0,81700.0,77300.0,81500.0,13625664
2019-10-21,72872.3984375,77500.0,78400.0,77100.0,77800.0,2096581
2019-10-22,74376.875,79100.0,79300.0,78200.0,78900.0,3453958
2019-10-23,73060.4765625,77700.0,78600.0,77700.0,78500.0,5373911
2019-10-24,75223.1171875,80000.0,80100.0,78700.0,79900.0,3076100
2019-10-25,77949.9765625,82900.0,82900.0,81500.0,82400.0,4229200
2019-10-28,77949.9765625,82900.0,84000.0,82600.0,83400.0,1977758
2019-10-29,78043.9921875,83000.0,84000.0,82900.0,84000.0,1645070
2019-10-30,76633.5625,81500.0,83400.0,81000.0,83400.0,1927042
2019-10-31,77103.7109375,82000.0,83400.0,81600.0,81900.0,1978755
2019-11-01,78138.03125,83100.0,83200.0,81600.0,82300.0,1848046
2019-11-04,79642.4765625,84700.0,84900.0,83800.0,84000.0,2182879
2019-11-05,80018.6015625,85100.0,85400.0,84600.0,85100.0,1953720
2019-11-06,78514.140625,83500.0,85200.0,83500.0,84800.0,2127745
2019-11-07,78608.1875,83600.0,84300.0,82800.0,83700.0,1594558
2019-11-08,77385.78125,82300.0,84600.0,82000.0,84600.0,2074339
2019-11-11,76445.5078125,81300.0,82500.0,80700.0,82500.0,2174477
2019-11-12,78232.046875,83200.0,83200.0,81300.0,81900.0,1555211
2019-11-13,78420.1171875,83400.0,83600.0,82300.0,83300.0,1370289
2019-11-14,78420.1171875,83400.0,83800.0,82900.0,83200.0,1517137
2019-11-15,80112.625,85200.0,85200.0,83400.0,84200.0,2394138
2019-11-18,80394.734375,85500.0,86500.0,84700.0,86000.0,1827506
2019-11-19,80206.6484375,85300.0,86000.0,84600.0,85400.0,2260299
2019-11-20,77761.90625,82700.0,85200.0,82600.0,84400.0,3315169
2019-11-21,76069.3828125,80900.0,82500.0,80500.0,81700.0,3346746
2019-11-22,76821.640625,81700.0,82100.0,80700.0,80900.0,2089767
2019-11-25,76821.640625,81700.0,83300.0,81500.0,82300.0,2602474
2019-11-26,77385.78125,82300.0,84100.0,82000.0,82000.0,4521090
2019-11-27,77761.90625,82700.0,83200.0,82000.0,82400.0,1326621
2019-11-28,77855.9453125,82800.0,83800.0,82500.0,83100.0,1413983
2019-11-29,76069.3828125,80900.0,82800.0,80700.0,82500.0,2139440
2019-12-02,75693.28125,80500.0,81800.0,80500.0,80900.0,1945991
2019-12-03,74000.75,78700.0,79300.0,77300.0,78100.0,11657151
2019-12-04,73060.4765625,77700.0,78100.0,76800.0,78000.0,6164549
2019-12-05,74094.765625,78800.0,79900.0,78000.0,79800.0,3667358
2019-12-06,75787.296875,80600.0,80800.0,79100.0,79300.0,3054204
2019-12-09,75881.328125,80700.0,81800.0,80700.0,81300.0,2290088
2019-12-10,75881.328125,80700.0,80900.0,79400.0,79800.0,1831960
2019-12-11,75787.296875,80600.0,81000.0,80100.0,80700.0,2009331
2019-12-12,78420.1171875,83400.0,83500.0,82000.0,82000.0,5247299
2019-12-13,82651.4140625,87900.0,88200.0,85800.0,87200.0,5831965
2019-12-16,83309.6328125,88600.0,89400.0,87000.0,87200.0,2652685
2019-12-17,87258.828125,92800.0,93800.0,90200.0,91000.0,5070618
2019-12-18,87446.8828125,93000.0,94500.0,91800.0,93400.0,3434310
2019-12-19,88011.0703125,93600.0,96400.0,93400.0,95400.0,4938375
2019-12-20,89327.4765625,95000.0,95100.0,93700.0,94100.0,2791176
2019-12-23,88951.3515625,94600.0,96200.0,94100.0,95800.0,1720279
2019-12-24,88199.1328125,93800.0,95600.0,93800.0,95000.0,1464093
2019-12-26,89139.40625,94800.0,95100.0,93500.0,94000.0,1559839
2019-12-27,91230.09375,96000.0,97000.0,94200.0,94800.0,2229470
2019-12-30,89424.5,94100.0,96300.0,94100.0,95600.0,1862634
2020-01-02,89994.703125,94700.0,96200.0,94100.0,96000.0,2342070
2020-01-03,89804.6328125,94500.0,97900.0,94300.0,96500.0,3021380
2020-01-06,89614.5703125,94300.0,95300.0,92800.0,93000.0,2577573
2020-01-07,89329.46875,94000.0,95400.0,94000.0,94500.0,2489429
2020-01-08,92560.546875,97400.0,99500.0,95200.0,96400.0,7014748
2020-01-09,94081.03125,99000.0,99000.0,97400.0,98900.0,3586413
2020-01-10,93986.0078125,98900.0,99700.0,97900.0,99100.0,2867925
2020-01-13,95506.5078125,100500.0,101000.0,98000.0,99000.0,2242008
2020-01-14,95506.5078125,100500.0,103500.0,99900.0,101500.0,2913343
2020-01-15,93320.78125,98200.0,99900.0,98000.0,99900.0,2745625
2020-01-16,94271.109375,99200.0,99400.0,97400.0,97400.0,2824804
2020-01-17,94081.03125,99000.0,101500.0,98800.0,100500.0,2246394
2020-01-20,94936.34375,99900.0,101000.0,99600.0,100000.0,1781639
2020-01-21,94366.1328125,99300.0,100500.0,99000.0,100500.0,1483291
2020-01-22,95981.65625,101000.0,101000.0,99000.0,99000.0,2257478
2020-01-23,93795.9453125,98700.0,101000.0,98200.0,101000.0,2780104
2020-01-28,91515.1875,96300.0,96900.0,95000.0,95500.0,3630362
2020-01-29,93035.6875,97900.0,99000.0,96700.0,96900.0,2741459
2020-01-30,89329.46875,94000.0,97800.0,93800.0,97800.0,3223436
2020-01-31,88854.3125,93500.0,97500.0,93500.0,94500.0,4597139
2020-02-03,89994.703125,94700.0,95600.0,91500.0,91800.0,3725535
2020-02-04,92275.453125,97100.0,97500.0,94500.0,94800.0,3169743
2020-02-05,92845.6171875,97700.0,99300.0,96900.0,99300.0,2911995
2020-02-06,95506.5078125,100500.0,101000.0,98300.0,98900.0,2861441
2020-02-07,94366.1328125,99300.0,100500.0,98400.0,100000.0,1827393
2020-02-10,93890.984375,98800.0,99200.0,97400.0,98000.0,1825648
2020-02-11,94841.2890625,99800.0,100500.0,99000.0,99900.0,1820578
2020-02-12,95031.34375,100000.0,101000.0,99100.0,100500.0,2616573
2020-02-13,96931.984375,102000.0,103500.0,100500.0,101000.0,3519491
2020-02-14,99307.765625,104500.0,105000.0,101000.0,101500.0,1893163
2020-02-17,99782.90625,105000.0,106000.0,103500.0,104500.0,1190162
2020-02-18,96931.984375,102000.0,104500.0,101500.0,104000.0,2789667
2020-02-19,98357.4609375,103500.0,103500.0,101000.0,102500.0,2315634
2020-02-20,98832.609375,104000.0,106000.0,102500.0,104500.0,3093782
2020-02-21,97882.296875,103000.0,103500.0,101000.0,101500.0,4064719
2020-02-24,94556.1953125,99500.0,100500.0,98900.0,100500.0,5550758
2020-02-25,93130.734375,98000.0,99100.0,96400.0,97800.0,6594059
2020-02-26,89899.65625,94600.0,96100.0,94400.0,95500.0,6405409
2020-02-27,88189.09375,92800.0,95300.0,92200.0,94700.0,4644449
2020-02-28,83532.5625,87900.0,92200.0,87700.0,91000.0,8171939
2020-03-02,87523.8828125,92100.0,93100.0,88300.0,90000.0,6382279
2020-03-03,88189.09375,92800.0,95100.0,92400.0,95000.0,5573006
2020-03-04,89614.5703125,94300.0,95000.0,91300.0,91300.0,4984561
2020-03-05,90184.75,94900.0,95900.0,93800.0,95200.0,4028776
2020-03-06,87999.0390625,92600.0,94300.0,92000.0,93300.0,3281612
2020-03-09,87999.0390625,92600.0,92600.0,92600.0,92600.0,0
2020-03-10,84672.9296875,89100.0,89400.0,86600.0,86900.0,6579153
2020-03-11,81251.8203125,85500.0,88500.0,85100.0,88200.0,5226251
2020-03-12,78685.9609375,82800.0,84600.0,79600.0,83800.0,8191818
2020-03-13,78400.8671875,82500.0,84700.0,76000.0,76900.0,8160758
2020-03-16,76595.265625,80600.0,84800.0,80400.0,83700.0,5097762
2020-03-17,76405.203125,80400.0,83100.0,77000.0,77500.0,7107436
2020-03-18,69467.9140625,73100.0,82500.0,73000.0,81600.0,7949482
2020-03-19,65571.625,69000.0,75800.0,65800.0,75500.0,11140367
2020-03-20,71083.4453125,74800.0,76200.0,70100.0,71800.0,8750101
2020-03-23,65951.7421875,69400.0,71600.0,68000.0,69700.0,8192363
2020-03-24,74789.671875,78700.0,78800.0,72100.0,73000.0,7247345
2020-03-25,80301.4921875,84500.0,84700.0,79800.0,82000.0,8787217
2020-03-26,76690.3046875,80700.0,87900.0,80400.0,85000.0,7895289
2020-03-27,79161.109375,83300.0,85700.0,80500.0,85700.0,8085695
2020-03-30,79541.2421875,83700.0,84900.0,80000.0,81000.0,5270037
2020-03-31,79161.109375,83300.0,85500.0,82000.0,84000.0,5333479
2020-04-01,74504.5703125,78400.0,83200.0,78400.0,82100.0,6845675
2020-04-02,76025.0703125,80000.0,80000.0,76500.0,78800.0,5394371
2020-04-03,75644.9609375,79600.0,80800.0,78500.0,80000.0,3755301
2020-04-06,78971.0625,83100.0,83300.0,80200.0,81000.0,5784159
2020-04-07,81536.8984375,85800.0,86700.0,83700.0,86600.0,6188649
2020-04-08,80301.4921875,84500.0,86500.0,84500.0,85800.0,3749575
2020-04-09,80776.6484375,85000.0,86500.0,84500.0,86200.0,3555538
2020-04-10,79921.375,84100.0,84400.0,83000.0,84000.0,3675338
2020-04-13,77355.515625,81400.0,83400.0,81100.0,83200.0,3615318
2020-04-14,78210.8125,82300.0,83700.0,81200.0,82200.0,3344109
2020-04-16,77260.5,81300.0,82300.0,80600.0,80600.0,4470072
2020-04-17,79921.375,84100.0,85900.0,83200.0,83600.0,6205624
2020-04-20,77925.7109375,82000.0,83900.0,82000.0,83900.0,5027876
2020-04-21,77260.5,81300.0,82200.0,80200.0,80600.0,5090721
2020-04-22,79731.3046875,83900.0,83900.0,80000.0,80600.0,5335787
2020-04-23,78495.8984375,82600.0,85200.0,82000.0,85200.0,6519481
2020-04-24,77355.515625,81400.0,82500.0,80800.0,82000.0,3193144
2020-04-27,78495.8984375,82600.0,83200.0,81200.0,81700.0,3235430
2020-04-28,79256.1484375,83400.0,83900.0,82400.0,82500.0,3205535
2020-04-29,79541.2421875,83700.0,84800.0,82900.0,83500.0,3750568
2020-05-04,76975.390625,81000.0,82900.0,80800.0,82900.0,5280026
2020-05-06,78305.8359375,82400.0,82500.0,80900.0,82000.0,3351424
2020-05-07,78305.8359375,82400.0,83400.0,81800.0,82400.0,2660512
2020-05-08,80776.6484375,85000.0,85500.0,83000.0,83000.0,5039635
2020-05-11,80301.4921875,84500.0,85200.0,84100.0,84500.0,2800047
2020-05-12,81441.8515625,85700.0,86500.0,83200.0,84500.0,3574409
2020-05-13,79446.21875,83600.0,84100.0,83000.0,83500.0,5371416
2020-05-14,76595.265625,80600.0,82500.0,80600.0,82200.0,6409652
2020-05-15,77830.671875,81900.0,82300.0,80700.0,81500.0,4168866
2020-05-18,77070.4296875,81100.0,81800.0,79200.0,80400.0,5294177
2020-05-19,78590.9140625,82700.0,83200.0,81700.0,82400.0,4620614
2020-05-20,79921.375,84100.0,84200.0,81800.0,81900.0,3924403
2020-05-21,79256.1484375,83400.0,84900.0,83200.0,84900.0,2678953
2020-05-22,77260.5,81300.0,83300.0,81000.0,83100.0,3471700
2020-05-25,77355.515625,81400.0,81800.0,80500.0,81500.0,2850294
2020-05-26,77830.671875,81900.0,82100.0,80600.0,80600.0,3040122
2020-05-27,77355.515625,81400.0,82700.0,81000.0,81100.0,2946278
2020-05-28,79731.3046875,83900.0,85400.0,82400.0,84100.0,9227823
2020-05-29,77450.546875,81500.0,82700.0,81300.0,82600.0,6815185
2020-06-01,79446.21875,83600.0,83700.0,82100.0,82100.0,4205357
2020-06-02,79161.109375,83300.0,83600.0,82700.0,82700.0,3114162
2020-06-03,84292.796875,88700.0,89200.0,83400.0,83400.0,11642239
2020-06-04,83342.4921875,87700.0,91600.0,87100.0,90000.0,6678244
2020-06-05,85908.3359375,90400.0,90800.0,87700.0,88500.0,4000557
2020-06-08,86478.5234375,91000.0,93000.0,90600.0,93000.0,3789382
2020-06-09,85338.1484375,89800.0,92000.0,89100.0,91000.0,3410081
2020-06-10,86288.453125,90800.0,91100.0,89400.0,89800.0,3045250
2020-06-11,84102.75,88500.0,90300.0,87500.0,89300.0,5467344
2020-06-12,80966.7109375,85200.0,85800.0,84500.0,84500.0,4742329
2020-06-15,77925.7109375,82000.0,86500.0,82000.0,84100.0,4710114
2020-06-16,81156.796875,85400.0,85700.0,83300.0,83400.0,3518785
2020-06-17,82487.2109375,86800.0,87400.0,83500.0,84800.0,4160612
2020-06-18,81917.0234375,86200.0,86800.0,85400.0,86100.0,2484147
2020-06-19,81156.796875,85400.0,87000.0,84500.0,86500.0,3216102
2020-06-22,80681.625,84900.0,85900.0,84300.0,84400.0,2167216
2020-06-23,79921.375,84100.0,86200.0,83900.0,85600.0,2955819
2020-06-24,81726.9609375,86000.0,87400.0,84000.0,84200.0,4079834
2020-06-25,80111.4375,84300.0,85600.0,84000.0,84300.0,3397112
2020-06-26,80396.53125,84600.0,86100.0,84500.0,86000.0,2889494
2020-06-29,79446.21875,83600.0,85300.0,83500.0,84000.0,2932433
2020-06-30,80871.6875,85100.0,87300.0,85000.0,86200.0,4983607
2020-07-01,81061.7421875,85300.0,87300.0,84900.0,86800.0,2382552
2020-07-02,80206.4609375,84400.0,85200.0,84000.0,84800.0,3295340
2020-07-03,81156.796875,85400.0,85600.0,84500.0,85000.0,2195897
2020-07-06,81726.9609375,86000.0,87000.0,85800.0,86000.0,2561766
2020-07-07,80586.5859375,84800.0,87300.0,84600.0,87300.0,3196352
2020-07-08,79541.2421875,83700.0,84900.0,83600.0,83800.0,3523620
2020-07-09,78876.015625,83000.0,84600.0,83000.0,84200.0,4002365
2020-07-10,78685.9609375,82800.0,83500.0,82400.0,83300.0,2201557
2020-07-13,78876.015625,83000.0,83500.0,82500.0,83100.0,2080934
2020-07-14,78780.9921875,82900.0,82900.0,82000.0,82600.0,2048671
2020-07-15,78876.015625,83000.0,83900.0,82900.0,83100.0,3024429
2020-07-16,78590.9140625,82700.0,83100.0,82300.0,83000.0,2312310
2020-07-17,78780.9921875,82900.0,83500.0,82600.0,82700.0,1579078
2020-07-20,78115.7890625,82200.0,83000.0,82100.0,82800.0,2008624
2020-07-21,79921.375,84100.0,84700.0,83000.0,83400.0,4181015
2020-07-22,79066.078125,83200.0,84200.0,82900.0,84100.0,2876295
2020-07-23,78305.8359375,82400.0,84000.0,82300.0,84000.0,3591647
2020-07-24,79541.2421875,83700.0,83700.0,82200.0,82300.0,3667416
2020-07-27,78685.9609375,82800.0,84000.0,82800.0,83100.0,2784652
2020-07-28,78971.0625,83100.0,83900.0,82700.0,83900.0,4538720
2020-07-29,79066.078125,83200.0,83800.0,82600.0,82900.0,3719681
2020-07-30,81061.7421875,85300.0,86400.0,83000.0,83300.0,6870841
2020-07-31,78685.9609375,82800.0,86000.0,82800.0,85700.0,4848989
2020-08-03,77735.6484375,81800.0,82600.0,81500.0,82400.0,3483106
2020-08-04,77545.578125,81600.0,82500.0,81400.0,81800.0,3005937
2020-08-05,76690.3046875,80700.0,81300.0,80500.0,81200.0,4537005
2020-08-06,77070.4296875,81100.0,81900.0,80700.0,80700.0,3391939
2020-08-07,76595.265625,80600.0,81300.0,80000.0,81200.0,4946631
2020-08-10,77355.515625,81400.0,81900.0,79800.0,80100.0,3277238
2020-08-11,77260.5,81300.0,82000.0,81000.0,81700.0,3234013
2020-08-12,76975.390625,81000.0,81300.0,80200.0,81100.0,3595828
2020-08-13,76690.3046875,80700.0,82000.0,80300.0,81900.0,4049387
2020-08-14,76215.1484375,80200.0,81100.0,80100.0,80200.0,2589552
2020-08-18,74219.4921875,78100.0,80200.0,78000.0,80000.0,4946279
2020-08-19,71273.5234375,75000.0,78000.0,75000.0,77300.0,8028305
2020-08-20,68232.5078125,71800.0,74400.0,71300.0,74400.0,7260223
2020-08-21,70798.3671875,74500.0,77000.0,72500.0,72800.0,7700029
2020-08-24,71748.6796875,75500.0,77200.0,73700.0,74600.0,4298619
2020-08-25,73174.1484375,77000.0,77700.0,75400.0,76300.0,3473488
2020-08-26,74884.703125,78800.0,79100.0,77100.0,78000.0,4741965
2020-08-27,75169.8046875,79100.0,80200.0,78800.0,80200.0,4223450
2020-08-28,73934.3828125,77800.0,79600.0,77700.0,79500.0,2511956
2020-08-31,71368.546875,75100.0,78800.0,75100.0,78200.0,5113128
2020-09-01,71463.578125,75200.0,76500.0,75200.0,75200.0,2538676
2020-09-02,71748.6796875,75500.0,76400.0,74900.0,75900.0,2369360
2020-09-03,74789.671875,78700.0,79700.0,77200.0,77700.0,7002529
2020-09-04,74789.671875,78700.0,79400.0,76100.0,76400.0,4582566
2020-09-07,74504.5703125,78400.0,79500.0,77600.0,78600.0,2786930
2020-09-08,75454.8984375,79400.0,80000.0,78200.0,78700.0,3380355
2020-09-09,73459.234375,77300.0,78400.0,77200.0,77900.0,3918435
2020-09-10,72794.0234375,76600.0,78200.0,76600.0,78000.0,3541520
2020-09-11,74504.5703125,78400.0,78500.0,76300.0,76700.0,2831262
2020-09-14,76025.0703125,80000.0,80100.0,78900.0,79100.0,4099644
2020-09-15,77830.671875,81900.0,82100.0,80200.0,81300.0,5899410
2020-09-16,77450.546875,81500.0,82400.0,80500.0,81700.0,3119110
2020-09-17,78115.7890625,82200.0,82900.0,81200.0,81900.0,4055050
2020-09-18,79541.2421875,83700.0,83900.0,82200.0,82900.0,5199334
2020-09-21,80301.4921875,84500.0,85000.0,83600.0,83700.0,4102947
2020-09-22,77260.5,81300.0,84800.0,80200.0,84400.0,4139983
2020-09-23,79446.21875,83600.0,84800.0,80500.0,82300.0,4439085
2020-09-24,80111.4375,84300.0,85400.0,82300.0,82800.0,6401560
2020-09-25,78780.9921875,82900.0,85900.0,82200.0,85800.0,3205596
2020-09-28,78400.8671875,82500.0,83700.0,81300.0,83400.0,3154068
2020-09-29,79826.328125,84000.0,84900.0,82200.0,83100.0,4707898
2020-10-05,79066.078125,83200.0,84100.0,82300.0,83000.0,3396894
2020-10-06,78876.015625,83000.0,84200.0,82600.0,84000.0,2750145
2020-10-07,79256.1484375,83400.0,83700.0,82500.0,82900.0,2254356
2020-10-08,78780.9921875,82900.0,84500.0,82900.0,84300.0,3330824
2020-10-12,81251.8203125,85500.0,85500.0,83500.0,83900.0,4464264
2020-10-13,83817.65625,88200.0,89000.0,84600.0,85500.0,6375448
2020-10-14,82202.109375,86500.0,88900.0,86100.0,88000.0,3223767
2020-10-15,82772.3125,87100.0,87300.0,85900.0,86100.0,2802900
2020-10-16,81061.7421875,85300.0,87900.0,84900.0,87000.0,2435541
2020-10-19,82392.171875,86700.0,87900.0,85800.0,86100.0,3150011
2020-10-20,80966.7109375,85200.0,90900.0,83700.0,85300.0,6622637
2020-10-21,79636.2734375,83800.0,86200.0,82800.0,85300.0,4925877
2020-10-22,79161.109375,83300.0,84300.0,82500.0,84200.0,2593975
2020-10-23,79731.3046875,83900.0,84700.0,82300.0,82800.0,2609595
2020-10-26,79066.078125,83200.0,84700.0,83000.0,84300.0,1662847
2020-10-27,78495.8984375,82600.0,83400.0,81800.0,82300.0,2265817
2020-10-28,78780.9921875,82900.0,83600.0,82000.0,82100.0,1773556
2020-10-29,77640.6328125,81700.0,82400.0,81000.0,81900.0,2637314
2020-10-30,75930.046875,79900.0,82100.0,79900.0,81600.0,2710477
2020-11-02,75644.9609375,79600.0,80600.0,79200.0,80200.0,2000394
2020-11-03,77355.515625,81400.0,81400.0,79600.0,79600.0,2057723
2020-11-04,79066.078125,83200.0,84400.0,81200.0,82100.0,3782296
2020-11-05,81821.9921875,86100.0,86200.0,83300.0,84100.0,4082325
2020-11-06,82012.046875,86300.0,87700.0,86000.0,86500.0,2863808
2020-11-09,81726.9609375,86000.0,87300.0,85600.0,86500.0,2444330
2020-11-10,82202.109375,86500.0,87200.0,85900.0,86900.0,2849783
2020-11-11,82677.265625,87000.0,87200.0,85900.0,86100.0,2638617
2020-11-12,83722.6328125,88100.0,88400.0,87000.0,87600.0,4006433
2020-11-13,85243.1171875,89700.0,90000.0,87500.0,88100.0,3774278
2020-11-16,93130.734375,98000.0,98100.0,91100.0,92100.0,9274278
2020-11-17,93225.7421875,98100.0,99600.0,96500.0,97400.0,5218295
2020-11-18,93130.734375,98000.0,100500.0,96600.0,99800.0,3734037
2020-11-19,93320.78125,98200.0,98300.0,96000.0,96200.0,2766688
2020-11-20,91990.359375,96800.0,99000.0,96800.0,99000.0,2424003
2020-11-23,95031.34375,100000.0,101000.0,96600.0,97300.0,4149013
2020-11-24,93700.8984375,98600.0,102000.0,98300.0,101000.0,3766043
2020-11-25,92370.46875,97200.0,100500.0,96300.0,100500.0,4081524
2020-11-26,94461.1875,99400.0,99500.0,96300.0,96800.0,2933290
2020-11-27,93890.984375,98800.0,99900.0,98200.0,99600.0,1976047
2020-11-30,92655.5859375,97500.0,99800.0,97300.0,99700.0,3877841
2020-12-01,95506.5078125,100500.0,101500.0,97800.0,98600.0,4455519
2020-12-02,103584.171875,109000.0,109500.0,103000.0,103000.0,7488361
2020-12-03,105959.96875,111500.0,114500.0,109000.0,110500.0,6617912
2020-12-04,109286.0625,115000.0,119500.0,112500.0,116000.0,8258814
2020-12-07,112137.0,118000.0,120000.0,116000.0,118500.0,5191354
2020-12-08,109286.0625,115000.0,118000.0,114000.0,118000.0,4536460
2020-12-09,114512.78125,120500.0,121000.0,115000.0,116000.0,5490760
2020-12-10,110711.53125,116500.0,118500.0,115500.0,117000.0,8205744
2020-12-11,109761.21875,115500.0,118000.0,115000.0,118000.0,3944552
2020-12-14,111186.6875,117000.0,119000.0,115500.0,116000.0,3066761
2020-12-15,111661.8359375,117500.0,118500.0,115000.0,118500.0,2755902
2020-12-16,111661.8359375,117500.0,119500.0,117000.0,119000.0,2213552
2020-12-17,113562.4609375,119500.0,119500.0,117000.0,118500.0,3649945
2020-12-18,112612.1640625,118500.0,119000.0,117500.0,118500.0,3010798
2020-12-21,110236.3671875,116000.0,118000.0,114500.0,118000.0,3585805
2020-12-22,106910.265625,112500.0,115500.0,112500.0,115000.0,4270842
2020-12-23,110236.3671875,116000.0,116000.0,112500.0,113000.0,3173156
2020-12-24,112137.0,118000.0,118500.0,115500.0,116000.0,3486636
2020-12-28,109761.21875,115500.0,119500.0,115000.0,119000.0,4825132
2020-12-29,111364.4765625,116000.0,118500.0,114000.0,118000.0,4208916
2020-12-30,113764.578125,118500.0,118500.0,114500.0,116000.0,4195192
2021-01-04,120964.8671875,126000.0,128000.0,120500.0,124500.0,7995016
2021-01-05,125285.0390625,130500.0,132500.0,124000.0,124500.0,7180224
2021-01-06,125765.046875,131000.0,137000.0,130000.0,132500.0,8525749
2021-01-07,129125.1875,134500.0,137500.0,131500.0,132500.0,5981299
2021-01-08,132485.3125,138000.0,138000.0,132500.0,136000.0,8713010
2021-01-11,127685.1328125,133000.0,140000.0,131000.0,138000.0,11154671
2021-01-12,123844.9921875,129000.0,133500.0,125500.0,132000.0,8700877
2021-01-13,127685.1328125,133000.0,133500.0,128500.0,129000.0,6791044
2021-01-14,125285.0390625,130500.0,133000.0,129000.0,132500.0,5380278
2021-01-15,122404.9140625,127500.0,135000.0,127000.0,133000.0,4838114
2021-01-18,124805.015625,130000.0,131000.0,125000.0,126000.0,5927419
2021-01-19,125285.0390625,130500.0,132000.0,128500.0,131000.0,4513315
2021-01-20,125285.0390625,130500.0,135000.0,130000.0,134000.0,4913282
2021-01-21,126245.078125,131500.0,133000.0,130000.0,131500.0,3067677
2021-01-22,123364.96875,128500.0,132000.0,128500.0,131500.0,3927767
2021-01-25,129605.203125,135000.0,135000.0,129500.0,130000.0,5061864
2021-01-26,123844.9921875,129000.0,134000.0,128500.0,134000.0,6270106
2021-01-27,123364.96875,128500.0,132000.0,127500.0,129500.0,5068456
2021-01-28,118084.7421875,123000.0,125500.0,121500.0,124000.0,6270829
2021-01-29,117604.7265625,122500.0,128500.0,121500.0,128500.0,7391307
2021-02-01,120004.828125,125000.0,126000.0,118000.0,121000.0,5620305
2021-02-02,124805.015625,130000.0,132500.0,127000.0,128500.0,4880067
2021-02-03,124805.015625,130000.0,131500.0,128500.0,131000.0,3693688
2021-02-04,120004.828125,125000.0,128500.0,124000.0,127500.0,4600618
2021-02-05,122404.9140625,127500.0,128000.0,124500.0,126500.0,3497303
2021-02-08,120004.828125,125000.0,128000.0,125000.0,127500.0,2876471
2021-02-09,120484.84375,125500.0,130000.0,125000.0,127500.0,5177095
2021-02-10,120964.8671875,126000.0,127000.0,124500.0,125500.0,4262526
2021-02-15,126725.0859375,132000.0,132500.0,130000.0,130000.0,5384526
2021-02-16,127205.109375,132500.0,134000.0,130500.0,132500.0,3218689
2021-02-17,124805.015625,130000.0,131000.0,128000.0,131000.0,3621178
2021-02-18,120964.8671875,126000.0,130000.0,125500.0,128500.0,3792425
2021-02-19,127685.1328125,133000.0,133000.0,128500.0,129000.0,6986526
2021-02-22,131045.2890625,136500.0,139500.0,135000.0,136000.0,7961516
2021-02-23,132965.34375,138500.0,140000.0,131500.0,133500.0,6400037
2021-02-24,130565.25,136000.0,143500.0,134000.0,137500.0,9074809
2021-02-25,142565.734375,148500.0,149500.0,140000.0,141000.0,9936495
2021-02-26,135845.453125,141500.0,145000.0,138000.0,143500.0,10843268
2021-03-02,138725.59375,144500.0,150500.0,141000.0,149000.0,9376523
2021-03-03,141125.671875,147000.0,147000.0,139500.0,142500.0,5827221
2021-03-04,136325.46875,142000.0,145500.0,139500.0,143000.0,6586562
2021-03-05,134405.375,140000.0,141500.0,136500.0,138000.0,6091444
2021-03-08,130085.2421875,135500.0,143000.0,135500.0,143000.0,5587787
2021-03-09,131045.2890625,136500.0,137500.0,130500.0,134000.0,7822152
2021-03-10,127685.1328125,133000.0,140500.0,132500.0,140500.0,5614476
2021-03-11,131525.296875,137000.0,139000.0,134000.0,134500.0,6707671
2021-03-12,134405.375,140000.0,142500.0,139500.0,140500.0,4548695
2021-03-15,131045.2890625,136500.0,142000.0,136000.0,141500.0,4289990
2021-03-16,134885.40625,140500.0,140500.0,138000.0,138500.0,3304561
2021-03-17,134405.375,140000.0,141000.0,138500.0,141000.0,2588319
2021-03-18,136325.46875,142000.0,145000.0,141000.0,142500.0,4426840
2021-03-19,132485.3125,138000.0,139500.0,137000.0,138000.0,4015627
2021-03-22,132485.3125,138000.0,140000.0,137000.0,138500.0,2727719
2021-03-23,129605.203125,135000.0,139500.0,134000.0,139000.0,3839090
2021-03-24,128165.1640625,133500.0,134500.0,131500.0,133000.0,3894080
2021-03-25,127685.1328125,133000.0,134500.0,130500.0,133000.0,4157799
2021-03-26,129605.203125,135000.0,135000.0,132000.0,134000.0,3835443
2021-03-29,126725.0859375,132000.0,135500.0,131500.0,135500.0,3575226
2021-03-30,129125.1875,134500.0,135500.0,132000.0,133000.0,3304184
2021-03-31,127205.109375,132500.0,135000.0,132000.0,134500.0,3309680
2021-04-01,134885.40625,140500.0,140500.0,136500.0,138000.0,5833436
2021-04-02,135365.421875,141000.0,143000.0,140000.0,142000.0,3432245
2021-04-05,137285.5,143000.0,144500.0,141000.0,142000.0,2616440
2021-04-06,137285.5,143000.0,147000.0,141500.0,147000.0,3753217
2021-04-07,137765.546875,143500.0,146000.0,142500.0,146000.0,2424687
2021-04-08,138245.5625,144000.0,146000.0,142500.0,143500.0,3774932
2021-04-09,134405.375,140000.0,145000.0,139500.0,144000.0,3276077
2021-04-12,132005.34375,137500.0,140500.0,136000.0,140500.0,3878457
2021-04-13,133925.375,139500.0,140000.0,135500.0,136000.0,2876178
2021-04-14,131525.296875,137000.0,139000.0,136500.0,139000.0,2777203
2021-04-15,132005.34375,137500.0,139000.0,136000.0,136000.0,2291160
2021-04-16,132005.34375,137500.0,139000.0,137500.0,138500.0,1982877
2021-04-19,132485.3125,138000.0,139000.0,137000.0,138000.0,1906782
2021-04-20,132965.34375,138500.0,138500.0,136500.0,136500.0,2167732
2021-04-21,127205.109375,132500.0,138000.0,132000.0,138000.0,5120577
2021-04-22,127685.1328125,133000.0,135500.0,133000.0,134500.0,3007457
2021-04-23,127205.109375,132500.0,132500.0,128500.0,130500.0,4854412
2021-04-26,126245.078125,131500.0,132500.0,130500.0,132500.0,2904879
2021-04-27,129605.203125,135000.0,136000.0,132500.0,133000.0,3394650
2021-04-28,124805.015625,130000.0,135000.0,130000.0,134500.0,5596760
2021-04-29,124805.015625,130000.0,133000.0,129000.0,132000.0,3738266
2021-04-30,122884.9375,128000.0,130500.0,126500.0,130000.0,3955947
2021-05-03,126245.078125,131500.0,132500.0,127000.0,127500.0,4085398
2021-05-04,126725.0859375,132000.0,132000.0,129000.0,130500.0,2547004
2021-05-06,123844.9921875,129000.0,130500.0,128000.0,130000.0,4211535
2021-05-07,124325.0078125,129500.0,131000.0,127000.0,128000.0,3450323
2021-05-10,124805.015625,130000.0,131000.0,128500.0,131000.0,3067077
2021-05-11,118084.7421875,123000.0,127500.0,122000.0,127000.0,9882491
2021-05-12,114724.609375,119500.0,123500.0,119000.0,123000.0,8272196
2021-05-13,112804.5390625,117500.0,118500.0,115500.0,116000.0,6042025
2021-05-14,113764.578125,118500.0,120000.0,118000.0,118500.0,3227201
2021-05-17,112804.5390625,117500.0,120000.0,117000.0,120000.0,3110127
2021-05-18,116164.6640625,121000.0,122000.0,117500.0,117500.0,3470048
2021-05-20,117604.7265625,122500.0,124000.0,119500.0,121000.0,4600751
2021-05-21,117604.7265625,122500.0,125500.0,121000.0,124500.0,4062695
2021-05-24,114724.609375,119500.0,122500.0,119000.0,122000.0,3188734
2021-05-25,118084.7421875,123000.0,123000.0,120500.0,121500.0,3258364
2021-05-26,118084.7421875,123000.0,124500.0,122000.0,124000.0,3015522
2021-05-27,120484.84375,125500.0,126000.0,123000.0,124500.0,4539067
2021-05-28,120004.828125,125000.0,126500.0,124000.0,126500.0,2332971
2021-05-31,121924.8984375,127000.0,127000.0,124000.0,126000.0,2448074
2021-06-01,123364.96875,128500.0,129000.0,126000.0,127000.0,2819179
2021-06-02,120964.8671875,126000.0,129000.0,125500.0,128500.0,2885654
2021-06-03,123844.9921875,129000.0,130000.0,126500.0,127000.0,3353993
2021-06-04,123364.96875,128500.0,129000.0,126500.0,127500.0,2555891
2021-06-07,123364.96875,128500.0,130000.0,128000.0,129500.0,2562918
2021-06-08,122404.9140625,127500.0,127500.0,125000.0,127000.0,4194955
2021-06-09,117604.7265625,122500.0,126000.0,122500.0,125500.0,6087592
2021-06-10,118084.7421875,123000.0,124000.0,120500.0,122500.0,4533076
2021-06-11,122884.9375,128000.0,128500.0,124000.0,124500.0,4868608
2021-06-14,121924.8984375,127000.0,127500.0,125500.0,127000.0,2022730
2021-06-15,123364.96875,128500.0,129500.0,128000.0,128500.0,1975082
2021-06-16,124325.0078125,129500.0,129500.0,127000.0,128000.0,1893752
2021-06-17,121444.8828125,126500.0,128000.0,126000.0,127000.0,2123793
2021-06-18,119524.8125,124500.0,127500.0,124500.0,127500.0,2506112
2021-06-21,117124.7109375,122000.0,123000.0,120500.0,121000.0,3275288
2021-06-22,117124.7109375,122000.0,123500.0,122000.0,122500.0,2179712
2021-06-23,119044.796875,124000.0,124500.0,122000.0,122500.0,2703658
2021-06-24,120964.8671875,126000.0,126500.0,123500.0,124000.0,2646407
2021-06-25,123364.96875,128500.0,129000.0,127500.0,128000.0,2531018
2021-06-28,120964.8671875,126000.0,129500.0,126000.0,129000.0,2402730
2021-06-29,120004.828125,125000.0,128000.0,125000.0,127500.0,2211572
2021-06-30,122404.9140625,127500.0,129500.0,126000.0,126500.0,4346027
2021-07-01,119524.8125,124500.0,128000.0,124000.0,127500.0,3336174
2021-07-02,117604.7265625,122500.0,123500.0,121500.0,122500.0,3983921
2021-07-05,118084.7421875,123000.0,124500.0,122500.0,123500.0,1632551
2021-07-06,120004.828125,125000.0,126000.0,123500.0,124000.0,2067135
2021-07-07,118564.7734375,123500.0,125500.0,122500.0,125000.0,2229140
2021-07-08,116644.6796875,121500.0,123500.0,121000.0,123500.0,3165552
2021-07-09,114724.609375,119500.0,120500.0,118000.0,120500.0,4823577
2021-07-12,115204.6328125,120000.0,122000.0,119500.0,121000.0,2477201
2021-07-13,118084.7421875,123000.0,123500.0,121000.0,121000.0,2879072
2021-07-14,118564.7734375,123500.0,124000.0,121500.0,122500.0,2443087
2021-07-15,118564.7734375,123500.0,124000.0,122500.0,123500.0,1500981
2021-07-16,116644.6796875,121500.0,122500.0,120500.0,122000.0,2905546
2021-07-19,114244.5859375,119000.0,120000.0,118500.0,119000.0,2066638
2021-07-20,113764.578125,118500.0,119500.0,117500.0,117500.0,2070074
2021-07-21,112324.5078125,117000.0,120000.0,116500.0,119500.0,2864601
2021-07-22,114724.609375,119500.0,120000.0,118000.0,118000.0,1919233
2021-07-23,113764.578125,118500.0,119000.0,117500.0,118500.0,1747651
2021-07-26,112324.5078125,117000.0,120000.0,117000.0,119500.0,1836657
2021-07-27,111364.4765625,116000.0,119000.0,116000.0,118000.0,2916330
2021-07-28,109444.40625,114000.0,115500.0,112500.0,115000.0,6033084
2021-07-29,109444.40625,114000.0,115500.0,113000.0,115000.0,3054699
2021-07-30,108004.3515625,112500.0,114000.0,112500.0,114000.0,2888566
2021-08-02,111364.4765625,116000.0,117000.0,113000.0,113500.0,4276730
2021-08-03,115204.6328125,120000.0,120500.0,117000.0,118000.0,4396423
2021-08-04,116164.6640625,121000.0,123000.0,120500.0,122000.0,4162635
2021-08-05,115204.6328125,120000.0,121500.0,118000.0,121000.0,3491584
2021-08-06,113284.5546875,118000.0,119500.0,117500.0,119000.0,2209875
2021-08-09,111364.4765625,116000.0,118000.0,116000.0,117500.0,2755724
2021-08-10,108004.3515625,112500.0,115500.0,112000.0,115000.0,5420223
2021-08-11,101284.0625,105500.0,110000.0,105000.0,109000.0,13715267
2021-08-12,96483.859375,100500.0,104000.0,99800.0,102000.0,19150647
2021-08-13,97443.90625,101500.0,101500.0,98900.0,99600.0,11622957
2021-08-17,97443.90625,101500.0,103500.0,100500.0,101000.0,7851717
2021-08-18,99844.015625,104000.0,105500.0,101500.0,103000.0,8047599
2021-08-19,98403.96875,102500.0,105500.0,101500.0,103000.0,6161038
2021-08-20,98403.96875,102500.0,104500.0,102000.0,104000.0,4719139
2021-08-23,98883.984375,103000.0,105000.0,103000.0,104500.0,4515699
2021-08-24,100804.046875,105000.0,105500.0,104000.0,104500.0,4454743
2021-08-25,99364.0,103500.0,106000.0,102500.0,106000.0,3194555
2021-08-26,99844.015625,104000.0,106500.0,103500.0,106000.0,3694741
2021-08-27,99364.0,103500.0,104500.0,101000.0,103500.0,3507782
2021-08-30,99364.0,103500.0,105500.0,103500.0,105000.0,1815758
2021-08-31,102244.109375,106500.0,106500.0,102000.0,103500.0,4979276
2021-09-01,103684.1640625,108000.0,108000.0,104500.0,106000.0,4736183
2021-09-02,102244.109375,106500.0,108500.0,106000.0,108000.0,2724565
2021-09-03,102724.125,107000.0,107500.0,106000.0,106500.0,2513486
2021-09-06,101764.078125,106000.0,107000.0,105000.0,106500.0,1888595
2021-09-07,100324.03125,104500.0,106000.0,104000.0,105500.0,2547667
2021-09-08,101764.078125,106000.0,107500.0,103500.0,104000.0,2891267
2021-09-09,98883.984375,103000.0,106000.0,103000.0,105000.0,3233011
2021-09-10,100804.046875,105000.0,105500.0,103000.0,103500.0,1999369
2021-09-13,102244.109375,106500.0,107000.0,104000.0,105000.0,1923344
2021-09-14,103204.15625,107500.0,108500.0,106500.0,107500.0,2463248
2021-09-15,103204.15625,107500.0,107500.0,105500.0,107500.0,2933797
2021-09-16,99844.015625,104000.0,107500.0,104000.0,107000.0,3602821
2021-09-17,102724.125,107000.0,107500.0,104000.0,104500.0,3386517
2021-09-23,101284.0625,105500.0,107000.0,105000.0,105500.0,2493313
2021-09-24,99844.015625,104000.0,106500.0,104000.0,106000.0,2236954
2021-09-27,100324.03125,104500.0,105500.0,103500.0,104000.0,1839358
2021-09-28,99364.0,103500.0,105500.0,103000.0,105000.0,2951945
2021-09-29,96003.8515625,100000.0,102000.0,99700.0,101000.0,6353977
2021-09-30,98883.984375,103000.0,103500.0,99600.0,99900.0,3910557
2021-10-01,96003.8515625,100000.0,102500.0,100000.0,102000.0,2681124
2021-10-05,93987.78125,97900.0,99500.0,97200.0,98900.0,3244145
2021-10-06,92643.71875,96500.0,98700.0,95800.0,98400.0,2816951
2021-10-07,91875.6953125,95700.0,96800.0,95000.0,96300.0,3834957
2021-10-08,90243.6484375,94000.0,96300.0,93500.0,96200.0,4098832
2021-10-12,87843.53125,91500.0,92900.0,90800.0,92400.0,4728215
2021-10-13,88323.5390625,92000.0,93500.0,90500.0,90900.0,3045438
2021-10-14,90051.6171875,93800.0,94500.0,92100.0,92400.0,2414639
2021-10-15,94467.8046875,98400.0,98500.0,95700.0,96000.0,4229748
2021-10-18,93219.7421875,97100.0,98300.0,96700.0,98300.0,2111399
2021-10-19,93795.765625,97700.0,98600.0,97100.0,98600.0,1400175
2021-10-20,93987.78125,97900.0,98600.0,97200.0,98200.0,2010529
2021-10-21,92451.71875,96300.0,98300.0,96100.0,97300.0,2152221
2021-10-22,94563.8046875,98500.0,99200.0,95500.0,95500.0,1962833
2021-10-25,96003.8515625,100000.0,101500.0,98300.0,99500.0,2950459
2021-10-26,97923.9375,102000.0,103500.0,101000.0,101500.0,3458645
2021-10-27,97443.90625,101500.0,104000.0,101500.0,103000.0,2859255
2021-10-28,102244.109375,106500.0,107500.0,101500.0,102000.0,6329703
2021-10-29,98883.984375,103000.0,108500.0,103000.0,107000.0,4007223
2021-11-01,102244.109375,106500.0,107000.0,102500.0,103500.0,3118661
2021-11-02,103204.15625,107500.0,108500.0,106500.0,107000.0,2892292
2021-11-03,101284.0625,105500.0,109000.0,104500.0,108500.0,3116506
2021-11-04,101764.078125,106000.0,108000.0,105500.0,107000.0,2059242
2021-11-05,102724.125,107000.0,108500.0,105500.0,108000.0,2523345
2021-11-08,103204.15625,107500.0,108000.0,104000.0,107000.0,2212348
2021-11-09,104644.203125,109000.0,110000.0,107500.0,108000.0,3440686
2021-11-10,104164.1796875,108500.0,109500.0,107500.0,108500.0,2361295
2021-11-11,103204.15625,107500.0,108000.0,105500.0,107500.0,2731498
2021-11-12,102244.109375,106500.0,109500.0,105500.0,109000.0,1786165
2021-11-15,106564.2734375,111000.0,111500.0,108000.0,108500.0,4701568
2021-11-16,107524.3125,112000.0,113000.0,109000.0,111000.0,3767311
2021-11-17,106084.2578125,110500.0,113000.0,110000.0,113000.0,3062491
2021-11-18,105604.2421875,110000.0,111000.0,109000.0,110000.0,1928891
2021-11-19,107044.3046875,111500.0,112500.0,110000.0,110000.0,2324668
2021-11-22,114724.609375,119500.0,121000.0,116000.0,116500.0,9786492
2021-11-23,114244.5859375,119000.0,121000.0,117500.0,119500.0,4847270
2021-11-24,114724.609375,119500.0,122500.0,118000.0,120500.0,4001111
2021-11-25,112804.5390625,117500.0,121000.0,117000.0,120500.0,3339835
2021-11-26,110884.4609375,115500.0,118500.0,113000.0,116500.0,4337936
2021-11-29,111364.4765625,116000.0,118500.0,113000.0,113000.0,4412863
2021-11-30,109444.40625,114000.0,119000.0,112500.0,118000.0,7449608
2021-12-01,111844.4921875,116500.0,117500.0,112000.0,114500.0,4214135
2021-12-02,115204.6328125,120000.0,120500.0,115000.0,115500.0,6980518
2021-12-03,113284.5546875,118000.0,119500.0,115500.0,119000.0,4567843
2021-12-06,113764.578125,118500.0,119000.0,115500.0,116000.0,4318893
2021-12-07,116644.6796875,121500.0,122500.0,118000.0,119000.0,5112025
2021-12-08,115204.6328125,120000.0,125000.0,119500.0,124000.0,6168137
2021-12-09,118564.7734375,123500.0,123500.0,119000.0,120500.0,5631833
2021-12-10,115684.640625,120500.0,121500.0,119500.0,120500.0,2512642
2021-12-13,116644.6796875,121500.0,124000.0,121000.0,121000.0,3329176
2021-12-14,116164.6640625,121000.0,123000.0,120000.0,120500.0,2201003
2021-12-15,118564.7734375,123500.0,123500.0,120000.0,120000.0,2681332
2021-12-16,119044.796875,124000.0,125500.0,122500.0,125000.0,3869086
2021-12-17,117124.7109375,122000.0,123000.0,120500.0,120500.0,3850444
2021-12-20,115684.640625,120500.0,123500.0,120500.0,121500.0,2846815
2021-12-21,119524.8125,124500.0,124500.0,122500.0,124000.0,3678590
2021-12-22,121924.8984375,127000.0,128500.0,126000.0,127500.0,3817689
2021-12-23,122404.9140625,127500.0,129000.0,126500.0,129000.0,2398358
2021-12-24,122884.9375,128000.0,130000.0,128000.0,129000.0,2462683
2021-12-27,120964.8671875,126000.0,129000.0,126000.0,128500.0,2684135
2021-12-28,122404.9140625,127500.0,128000.0,124500.0,126500.0,4086063
2021-12-29,123415.5625,127000.0,128500.0,125500.0,127500.0,3832154
2021-12-30,127302.6640625,131000.0,133500.0,130000.0,131000.0,5172987
2022-01-04,124873.234375,128500.0,130000.0,127500.0,129500.0,3622369
2022-01-05,121957.890625,125500.0,129000.0,121500.0,129000.0,7414954
2022-01-06,121472.0234375,125000.0,127000.0,123000.0,123500.0,3725569
2022-01-07,123415.5625,127000.0,129000.0,126500.0,127000.0,3270119
2022-01-10,120986.1171875,124500.0,127000.0,123000.0,126500.0,3449197
2022-01-11,124387.34375,128000.0,128500.0,124500.0,125500.0,3958787
2022-01-12,124873.234375,128500.0,130000.0,126500.0,129500.0,3552174
2022-01-13,125845.0,129500.0,130000.0,128000.0,128500.0,4155984
2022-01-14,124873.234375,128500.0,129000.0,126000.0,128500.0,3769648
2022-01-17,123415.5625,127000.0,128000.0,124500.0,127500.0,3730393
2022-01-18,122929.6796875,126500.0,127500.0,125000.0,126500.0,3607850
2022-01-19,123415.5625,127000.0,128500.0,123500.0,123500.0,4094609
2022-01-20,121472.0234375,125000.0,126500.0,123500.0,126000.0,5441986
2022-01-21,115641.3515625,119000.0,122500.0,118000.0,121500.0,6465040
2022-01-24,115641.3515625,119000.0,120500.0,116500.0,116500.0,4883822
2022-01-25,114669.59375,118000.0,120000.0,116500.0,118000.0,5702595
2022-01-26,114669.59375,118000.0,118000.0,118000.0,118000.0,0
2022-01-27,110296.59375,113500.0,119500.0,111000.0,119500.0,6679404
2022-01-28,117099.015625,120500.0,121500.0,114500.0,115000.0,4776510
2022-02-03,120500.2421875,124000.0,127000.0,124000.0,124500.0,5171178
2022-02-04,120986.1171875,124500.0,127000.0,124000.0,125500.0,3037097
2022-02-07,119528.46875,123000.0,123500.0,119500.0,123000.0,4804261
2022-02-08,119528.46875,123000.0,123000.0,123000.0,123000.0,0
2022-02-09,119528.46875,123000.0,123000.0,123000.0,123000.0,0
2022-02-10,125845.0,129500.0,131000.0,127000.0,129000.0,7269729
2022-02-11,128274.4453125,132000.0,132500.0,130000.0,130500.0,6057207
2022-02-14,128760.328125,132500.0,132500.0,129500.0,130000.0,4962205
2022-02-15,123415.5625,127000.0,132000.0,127000.0,131500.0,5097120
2022-02-16,126816.7890625,130500.0,132500.0,130000.0,131000.0,3499809
2022-02-17,129246.2109375,133000.0,134000.0,130000.0,130500.0,5433402
2022-02-18,127788.5625,131500.0,133000.0,129500.0,131500.0,3108887
2022-02-21,127788.5625,131500.0,131500.0,131500.0,131500.0,0
2022-02-22,127788.5625,131500.0,131500.0,131500.0,131500.0,0
2022-02-23,127788.5625,131500.0,131500.0,131500.0,131500.0,0
2022-02-24,119042.5703125,122500.0,126000.0,122000.0,125500.0,5748069
2022-02-25,119528.46875,123000.0,126000.0,122500.0,125500.0,3309625
2022-02-28,119528.46875,123000.0,123000.0,123000.0,123000.0,0
2022-03-02,121472.0234375,125000.0,126500.0,123000.0,124500.0,2903340
2022-03-03,125359.125,129000.0,129500.0,127000.0,128000.0,3088097
2022-03-04,125359.125,129000.0,129000.0,129000.0,129000.0,0
2022-03-07,116127.2421875,119500.0,121000.0,119000.0,119000.0,5203286
2022-03-08,114669.59375,118000.0,119500.0,116500.0,117000.0,3619045
2022-03-10,114669.59375,118000.0,118000.0,118000.0,118000.0,0
2022-03-11,114669.59375,118000.0,118000.0,118000.0,118000.0,0
2022-03-14,112726.0234375,116000.0,117000.0,114500.0,115500.0,3172353
2022-03-15,112726.0234375,116000.0,116000.0,116000.0,116000.0,0
2022-03-16,112726.0234375,116000.0,116000.0,116000.0,116000.0,0
2022-03-17,112726.0234375,116000.0,116000.0,116000.0,116000.0,0
2022-03-18,120500.2421875,124000.0,125000.0,121000.0,124000.0,4493159
2022-03-21,120500.2421875,124000.0,124000.0,124000.0,124000.0,0
2022-03-22,120014.359375,123500.0,124000.0,121000.0,121000.0,2246439
2022-03-23,120014.359375,123500.0,124500.0,122000.0,124000.0,4085633
2022-03-24,117099.015625,120500.0,122000.0,119500.0,121000.0,4215272
2022-03-25,114669.59375,118000.0,123000.0,118000.0,122000.0,5514940
2022-03-28,114669.59375,118000.0,119500.0,116500.0,117500.0,3234792
2022-03-29,116613.1328125,120000.0,120500.0,118500.0,119500.0,3375247
2022-03-30,117879.6015625,121000.0,123000.0,120500.0,123000.0,3436282
2022-03-31,114956.984375,118000.0,120000.0,117500.0,119500.0,4558063
2022-04-01,113008.546875,116000.0,117500.0,116000.0,117000.0,3851558
2022-04-04,113982.75,117000.0,117500.0,114500.0,115000.0,2470792
2022-04-05,113495.6484375,116500.0,118000.0,116000.0,117500.0,2101474
2022-04-06,110085.90625,113000.0,115500.0,113000.0,114500.0,4541938
2022-04-07,110573.0234375,113500.0,114500.0,110500.0,111500.0,5027865
2022-04-08,109111.6875,112000.0,114000.0,110500.0,113000.0,4268316
2022-04-11,108624.6015625,111500.0,113000.0,110500.0,111000.0,2390786
2022-04-12,108137.484375,111000.0,113000.0,110500.0,110500.0,2738163
2022-04-13,110085.90625,113000.0,113000.0,111000.0,112000.0,2484490
2022-04-14,107163.2890625,110000.0,113000.0,110000.0,113000.0,4715700
2022-04-15,105214.84375,108000.0,108500.0,107000.0,108000.0,3694012
2022-04-18,106189.0703125,109000.0,109500.0,106500.0,107000.0,2670439
2022-04-19,109598.8046875,112500.0,112500.0,109500.0,110000.0,3021192
2022-04-20,109598.8046875,112500.0,113000.0,111000.0,112500.0,2905007
2022-04-21,110085.90625,113000.0,115000.0,112500.0,112500.0,3199858
2022-04-22,107650.390625,110500.0,112000.0,110500.0,110500.0,2360834
2022-04-25,105214.84375,108000.0,109500.0,108000.0,109000.0,2282343
2022-04-26,108137.484375,111000.0,111000.0,108000.0,109500.0,2969516
2022-04-27,105701.9453125,108500.0,109500.0,107500.0,108000.0,3261290
2022-04-28,106676.171875,109500.0,110000.0,108000.0,109500.0,2804966
2022-04-29,109598.8046875,112500.0,112500.0,109500.0,110000.0,3752415
2022-05-02,107650.390625,110500.0,111500.0,110000.0,110000.0,2175384
2022-05-03,107163.2890625,110000.0,112000.0,109500.0,111000.0,2676115
2022-05-04,106676.171875,109500.0,111000.0,108500.0,110500.0,2491890
2022-05-06,104727.7578125,107500.0,108500.0,106500.0,108000.0,2566813
2022-05-10,107163.2890625,110000.0,111000.0,107000.0,107000.0,4141923
2022-05-11,107650.390625,110500.0,112500.0,108000.0,110500.0,3658168
2022-05-12,106189.0703125,109000.0,111500.0,108500.0,109500.0,4132948
2022-05-13,109598.8046875,112500.0,112500.0,109000.0,109000.0,4003349
2022-05-16,107650.390625,110500.0,114000.0,110000.0,113500.0,3930044
2022-05-17,109598.8046875,112500.0,113000.0,110500.0,111000.0,2056143
2022-05-18,110573.0234375,113500.0,115000.0,113000.0,114000.0,3570113
2022-05-19,108137.484375,111000.0,112500.0,110000.0,110500.0,3680049
2022-05-20,109598.8046875,112500.0,113000.0,111000.0,111500.0,2398978
2022-05-23,110085.90625,113000.0,113500.0,111000.0,113000.0,3160028
2022-05-24,105701.9453125,108500.0,112000.0,108500.0,111500.0,4491835
2022-05-25,105214.84375,108000.0,110000.0,107000.0,109500.0,4151560
2022-05-26,100343.796875,103000.0,108500.0,101500.0,107500.0,8523001
2022-05-27,103266.4296875,106000.0,107000.0,105000.0,105500.0,3686487
2022-05-30,104240.6328125,107000.0,108000.0,106000.0,108000.0,2054526
2022-05-31,105214.84375,108000.0,108000.0,105500.0,106500.0,4024509
2022-06-02,104240.6328125,107000.0,107500.0,106000.0,106000.0,3097583
2022-06-03,104240.6328125,107000.0,108500.0,107000.0,108000.0,1638006
2022-06-07,101318.0,104000.0,106000.0,103500.0,105500.0,3174521
2022-06-08,103266.4296875,106000.0,107500.0,104500.0,104500.0,3075530
2022-06-09,102779.3203125,105500.0,107000.0,104500.0,105500.0,4640744
2022-06-10,100830.8984375,103500.0,104500.0,102500.0,104000.0,3480289
2022-06-13,96446.9453125,99000.0,101000.0,99000.0,100000.0,4133447
2022-06-14,96544.3671875,99100.0,99600.0,96800.0,96900.0,3242550
2022-06-15,95375.3203125,97900.0,98900.0,96700.0,98500.0,2578500
2022-06-16,94888.2109375,97400.0,101500.0,97100.0,99900.0,3810703
2022-06-17,93913.9921875,96400.0,96400.0,95000.0,95100.0,3965464
2022-06-20,92062.9921875,94500.0,96800.0,93100.0,96700.0,2386222
2022-06-21,92744.9609375,95200.0,95900.0,93900.0,94700.0,2707302
2022-06-22,89822.3125,92200.0,95700.0,91700.0,95700.0,3509830
2022-06-23,87873.890625,90200.0,93000.0,89700.0,92100.0,3983116
2022-06-24,89237.7890625,91600.0,92000.0,90500.0,90500.0,3045970
2022-06-27,92550.1015625,95000.0,96100.0,92600.0,92700.0,3408749
2022-06-28,92842.375,95300.0,95300.0,93700.0,94500.0,2022966
2022-06-29,91865.09375,94000.0,94900.0,92900.0,93300.0,2529973
2022-06-30,88933.21875,91000.0,93100.0,91000.0,91500.0,3098854
2022-07-01,85512.7109375,87500.0,92500.0,87100.0,91000.0,4959176
2022-07-04,87076.3828125,89100.0,89600.0,86300.0,87500.0,4331728
2022-07-05,90399.1484375,92500.0,93400.0,90400.0,90400.0,3560085
2022-07-06,90008.234375,92100.0,93600.0,90900.0,92800.0,3981326
2022-07-07,91767.359375,93900.0,95200.0,91300.0,91300.0,3330794
2022-07-08,92646.921875,94800.0,96500.0,94500.0,95900.0,2814478
2022-07-11,91571.8984375,93700.0,95700.0,93500.0,95000.0,1885425
2022-07-12,91180.9765625,93300.0,94000.0,91700.0,94000.0,2385688
2022-07-13,91865.09375,94000.0,96400.0,93800.0,94600.0,2721816
2022-07-14,91865.09375,94000.0,95500.0,92300.0,92800.0,2550307
2022-07-15,96458.3359375,98700.0,99000.0,95500.0,95900.0,4457208
2022-07-18,98706.1015625,101000.0,103500.0,100000.0,101000.0,4564780
2022-07-19,97728.8046875,100000.0,100500.0,98700.0,100000.0,2709084
2022-07-20,99683.390625,102000.0,104500.0,101000.0,103000.0,3981053
2022-07-21,100172.03125,102500.0,103000.0,100500.0,102000.0,2143984
2022-07-22,97728.8046875,100000.0,102500.0,100000.0,102500.0,3126556
2022-07-25,97728.8046875,100000.0,101500.0,98900.0,99100.0,2185108
2022-07-26,98217.4609375,100500.0,101000.0,99100.0,100500.0,1636970
2022-07-27,97728.8046875,100000.0,101500.0,98600.0,101000.0,3159499
2022-07-28,97142.4453125,99400.0,101500.0,98900.0,101000.0,3359717
2022-07-29,95676.5078125,97900.0,100000.0,97400.0,99900.0,3899079
2022-08-01,94894.65625,97100.0,98100.0,96500.0,97200.0,2007646
2022-08-02,94308.3046875,96500.0,97200.0,96200.0,97200.0,1916851
2022-08-03,95285.59375,97500.0,97500.0,96100.0,96900.0,1703330
2022-08-04,95285.59375,97500.0,98100.0,97100.0,98000.0,1960526
2022-08-05,96262.8671875,98500.0,98700.0,97400.0,98100.0,2052852
2022-08-08,94112.8515625,96300.0,97700.0,95800.0,97700.0,3206548
2022-08-09,92940.09375,95100.0,96100.0,94500.0,96000.0,3152955
2022-08-10,89715.0390625,91800.0,93000.0,91800.0,91800.0,4356568
2022-08-11,91180.9765625,93300.0,94400.0,92600.0,93500.0,5206962
2022-08-12,91180.9765625,93300.0,94400.0,92600.0,92800.0,1910127
2022-08-16,94503.75,96700.0,97600.0,94400.0,94500.0,4267280
2022-08-17,94894.65625,97100.0,97600.0,95900.0,96800.0,1764674
2022-08-18,93526.4609375,95700.0,96400.0,95300.0,95900.0,1889587
2022-08-19,94210.5703125,96400.0,97500.0,95900.0,97000.0,1890839
2022-08-22,93037.828125,95200.0,95600.0,94000.0,95200.0,2293601
2022-08-23,91474.15625,93600.0,95400.0,93600.0,94100.0,1932822
2022-08-24,91083.2421875,93200.0,94200.0,93000.0,93900.0,1447036
2022-08-25,91962.8046875,94100.0,94100.0,92100.0,93600.0,2189458
2022-08-26,92940.09375,95100.0,96800.0,94700.0,95400.0,2301949
2022-08-29,90399.1484375,92500.0,93300.0,92000.0,92700.0,2619260
2022-08-30,91083.2421875,93200.0,93400.0,92400.0,92700.0,1595242
2022-08-31,93037.828125,95200.0,95500.0,92100.0,92600.0,2421669
2022-09-01,90301.4140625,92400.0,93900.0,92300.0,93900.0,2337521
2022-09-02,89617.3125,91700.0,93300.0,91600.0,92700.0,2036818
2022-09-05,89030.9453125,91100.0,92400.0,90400.0,91800.0,1706148
2022-09-06,89715.0390625,91800.0,92900.0,91100.0,91900.0,1389821
2022-09-07,88346.84375,90400.0,91100.0,89900.0,91100.0,2053413
2022-09-08,88346.84375,90400.0,91000.0,90000.0,90500.0,2012123
2022-09-13,92646.921875,94800.0,95200.0,91700.0,91700.0,3288428
2022-09-14,90887.796875,93000.0,93400.0,91300.0,91700.0,2444928
2022-09-15,89910.5,92000.0,93000.0,91500.0,92900.0,1755820
2022-09-16,89128.671875,91200.0,91400.0,90000.0,90900.0,2243179
2022-09-19,87955.9296875,90000.0,91500.0,90000.0,90800.0,2078633
2022-09-20,86001.3515625,88000.0,90600.0,87500.0,89000.0,4259789
2022-09-21,86001.3515625,88000.0,88500.0,86300.0,87500.0,2954420
2022-09-22,84046.7734375,86000.0,86900.0,85900.0,86300.0,2204430
2022-09-23,81603.5625,83500.0,86600.0,83300.0,85500.0,3932242
2022-09-26,80626.265625,82500.0,83200.0,81500.0,81500.0,3281145
2022-09-27,80137.625,82000.0,82700.0,80700.0,82200.0,2606333
2022-09-28,79355.8046875,81200.0,83500.0,80500.0,81900.0,3068181
2022-09-29,79257.703125,80800.0,82900.0,80500.0,82500.0,2064798
2022-09-30,81513.8046875,83100.0,83900.0,80400.0,80900.0,4711130
2022-10-04,84554.625,86200.0,87200.0,85200.0,85200.0,4277404
2022-10-05,88085.90625,89800.0,90400.0,88100.0,90000.0,5927256
2022-10-06,88184.0,89900.0,92000.0,89800.0,90900.0,3039698
2022-10-07,89459.1796875,91200.0,91800.0,87800.0,89600.0,3100583
2022-10-11,88478.2734375,90200.0,91200.0,88000.0,89700.0,3840842
2022-10-12,92205.7421875,94000.0,94000.0,90900.0,91000.0,4648231
2022-10-13,93088.578125,94900.0,94900.0,92800.0,93400.0,4390570
2022-10-14,93677.1015625,95500.0,96600.0,94300.0,96000.0,3516437
2022-10-17,93382.8359375,95200.0,95300.0,94000.0,94600.0,2134558
2022-10-18,93971.390625,95800.0,96200.0,94600.0,95900.0,2618680
2022-10-19,91126.7421875,92900.0,94900.0,92700.0,94700.0,3684934
2022-10-20,88478.2734375,90200.0,91800.0,89000.0,91000.0,4547678
2022-10-21,88772.5625,90500.0,91400.0,89700.0,89800.0,2206754
2022-10-24,90047.734375,91800.0,93100.0,91200.0,92200.0,2165991
2022-10-25,91715.296875,93500.0,94800.0,91000.0,91900.0,2656194
2022-10-26,92107.6484375,93900.0,95500.0,93200.0,93300.0,3310322
2022-10-27,88282.1015625,90000.0,95100.0,89800.0,95100.0,4550273
2022-10-28,81808.078125,83400.0,87800.0,83000.0,87100.0,7748514
2022-10-31,81121.4140625,82700.0,85400.0,82400.0,84300.0,6271574
2022-11-01,82298.5390625,83900.0,83900.0,81400.0,82700.0,3820185
2022-11-02,82887.078125,84500.0,85500.0,83600.0,84200.0,2536363
2022-11-03,81121.4140625,82700.0,83500.0,81900.0,82600.0,2901380
2022-11-04,82887.078125,84500.0,84600.0,81700.0,82700.0,3032985
2022-11-07,84848.8984375,86500.0,86800.0,85000.0,85400.0,2765284
2022-11-08,86025.984375,87700.0,89000.0,87400.0,87600.0,2799575
2022-11-09,87497.359375,89200.0,89200.0,86600.0,88100.0,2619752
2022-11-10,87399.28125,89100.0,90800.0,88300.0,89000.0,3856811
2022-11-11,91715.296875,93500.0,95300.0,92500.0,95200.0,5002149
2022-11-14,89164.9140625,90900.0,93900.0,90900.0,93900.0,2483441
2022-11-15,89851.5546875,91600.0,92100.0,90400.0,91300.0,2460465
2022-11-16,89753.4609375,91500.0,92400.0,90300.0,92000.0,2609199
2022-11-17,86025.984375,87700.0,88500.0,82000.0,82400.0,3703870
2022-11-18,86712.6328125,88400.0,91500.0,88100.0,88700.0,2981192
2022-11-21,84652.7109375,86300.0,87700.0,86100.0,87600.0,2111523
2022-11-22,83573.7109375,85200.0,86600.0,84900.0,85500.0,1617131
2022-11-23,83573.7109375,85200.0,86700.0,84900.0,86100.0,1480400
2022-11-24,85241.28125,86900.0,87200.0,85700.0,86900.0,2148255
2022-11-25,83475.625,85100.0,87300.0,85100.0,87200.0,1439011
2022-11-28,81513.8046875,83100.0,84200.0,82900.0,84100.0,2471506
2022-11-29,82102.3359375,83700.0,83800.0,82100.0,82700.0,1501783
2022-11-30,83377.53125,85000.0,85400.0,83100.0,83200.0,3332708
2022-12-01,83083.25,84700.0,87300.0,84600.0,87300.0,2878591
2022-12-02,80336.7109375,81900.0,83900.0,81800.0,83900.0,4594058
2022-12-05,79453.8828125,81000.0,82300.0,80700.0,81900.0,3516456
2022-12-06,79453.8828125,81000.0,81100.0,79800.0,79900.0,2781352
2022-12-07,77393.9609375,78900.0,80700.0,78700.0,79900.0,3589926
2022-12-08,77295.875,78800.0,79800.0,78200.0,78200.0,3809847
2022-12-09,79944.3359375,81500.0,81500.0,79300.0,79400.0,2985508
2022-12-12,79551.96875,81100.0,81300.0,79500.0,80100.0,1242007
2022-12-13,80729.0703125,82300.0,82700.0,80500.0,81300.0,2761104
2022-12-14,80238.609375,81800.0,82600.0,81100.0,82100.0,2357491
2022-12-15,78669.15625,80200.0,81100.0,79900.0,80600.0,1713617
2022-12-16,76903.515625,78400.0,79400.0,77500.0,77700.0,3827227
2022-12-19,77492.0546875,79000.0,80100.0,78300.0,78300.0,1813544
2022-12-20,76805.4140625,78300.0,78900.0,77800.0,78200.0,1361926
2022-12-21,76511.1328125,78000.0,79200.0,78000.0,78500.0,1513864
2022-12-22,77688.25,79200.0,79300.0,77900.0,78500.0,2061883
2022-12-23,76314.9609375,77800.0,78300.0,77300.0,77800.0,1554446
2022-12-26,75530.2265625,77000.0,77700.0,76500.0,77700.0,1414717
2022-12-27,75530.2265625,77000.0,77600.0,76500.0,77500.0,1694225
2022-12-28,74840.9140625,76000.0,77000.0,75400.0,76800.0,1891221
2022-12-29,73856.15625,75000.0,75600.0,74700.0,75200.0,1736661
2023-01-02,74545.484375,75700.0,76700.0,75000.0,75100.0,1376985
2023-01-03,74447.015625,75600.0,76300.0,73100.0,75600.0,2719437
2023-01-04,79764.6640625,81000.0,81900.0,75200.0,75400.0,5154609
2023-01-05,80158.546875,81400.0,83300.0,80800.0,83300.0,3510964
2023-01-06,81832.640625,83100.0,83600.0,81100.0,81400.0,3687430
2023-01-09,84688.40625,86000.0,86000.0,83500.0,84900.0,3948670
2023-01-10,85180.7890625,86500.0,87200.0,85000.0,85500.0,3105311
2023-01-11,85968.5703125,87300.0,88400.0,86500.0,87800.0,3083961
2023-01-12,85476.203125,86800.0,88100.0,85800.0,88100.0,3065582
2023-01-13,84392.9765625,85700.0,87500.0,85400.0,86800.0,2058890
2023-01-16,84491.4453125,85800.0,86500.0,84900.0,86000.0,1512876
2023-01-17,84688.40625,86000.0,87200.0,85700.0,86400.0,1586136
2023-01-18,83802.1328125,85100.0,86500.0,84500.0,86400.0,1494262
2023-01-19,84196.0234375,85500.0,85800.0,84000.0,84000.0,1674834
2023-01-20,86264.0,87600.0,87800.0,86100.0,86300.0,2386074
2023-01-25,90006.046875,91400.0,92000.0,90600.0,92000.0,5019
2023-01-26,90006.046875,91400.0,92300.0,90100.0,90800.0,4542
2023-01-27,90104.5234375,91500.0,92800.0,90300.0,91300.0,5083
2023-01-30,89316.7265625,90700.0,91600.0,90000.0,91300.0,6289
2023-01-31,87150.28125,88500.0,90800.0,86800.0,90800.0,29971
2023-02-01,90006.046875,91400.0,91400.0,88500.0,91200.0,8975
2023-02-02,90006.046875,91400.0,94900.0,92700.0,94900.0,8254
2023-02-03,90793.8515625,92200.0,93200.0,91300.0,92400.0,13644
2023-02-06,87741.125,89100.0,92000.0,89100.0,91400.0,14291
2023-02-07,89415.1953125,90800.0,91200.0,88800.0,88800.0,6885
2023-02-08,93452.6640625,94900.0,95000.0,91600.0,91700.0,18320
2023-02-09,93452.6640625,94900.0,94800.0,92600.0,94800.0,12117
2023-02-10,92074.015625,93500.0,94700.0,93100.0,94300.0,4669
2023-02-13,89218.25,90600.0,92000.0,89900.0,92000.0,22453
2023-02-14,91975.5390625,93400.0,93500.0,91600.0,91800.0,11361
2023-02-15,90301.4609375,91700.0,94200.0,91200.0,93800.0,6599
2023-02-16,91483.171875,92900.0,93400.0,91600.0,91900.0,4182
2023-02-17,90596.90625,92000.0,92700.0,90900.0,91400.0,5053
2023-02-20,91089.2734375,92500.0,93300.0,90700.0,92700.0,5083
2023-02-21,89809.0859375,91200.0,92600.0,90900.0,92500.0,4942
2023-02-22,87741.125,89100.0,90300.0,88500.0,89900.0,7566
2023-02-23,91286.21875,92700.0,93700.0,89600.0,90000.0,7805
2023-02-24,89612.140625,91000.0,94000.0,91000.0,93500.0,11917
2023-02-27,88627.3984375,90000.0,90300.0,89100.0,90100.0,1893345
2023-02-28,88036.546875,89400.0,91000.0,88700.0,91000.0,2082486
2023-03-02,86756.3671875,88100.0,90300.0,87500.0,89400.0,2744038
2023-03-03,85968.5703125,87300.0,89200.0,87200.0,88500.0,2239958
2023-03-06,88331.96875,89700.0,89800.0,87500.0,87900.0,2374415
2023-03-07,87544.171875,88900.0,90000.0,88800.0,89700.0,1610948
2023-03-08,85476.203125,86800.0,87800.0,86400.0,87700.0,2790989
2023-03-09,84294.5,85600.0,87800.0,85300.0,87300.0,3315016
2023-03-10,82029.5703125,83300.0,84400.0,83100.0,83800.0,3559824
2023-03-13,83014.3203125,84300.0,84700.0,82400.0,83200.0,2860341
2023-03-14,79863.1328125,81100.0,83000.0,81100.0,82600.0,3359381
2023-03-15,77893.640625,79100.0,82300.0,78800.0,81900.0,5357314
2023-03-16,77795.1640625,79000.0,80200.0,76700.0,76700.0,4804196
2023-03-17,82718.90625,84000.0,84800.0,81100.0,81200.0,6239588
2023-03-20,82423.4765625,83700.0,85100.0,83000.0,83800.0,2223378
2023-03-21,82325.0,83600.0,85100.0,82900.0,84100.0,1880231
2023-03-22,85574.6796875,86900.0,87300.0,83800.0,85200.0,2667268
2023-03-23,87150.28125,88500.0,88500.0,85100.0,85400.0,3091673
2023-03-24,85968.5703125,87300.0,90700.0,86700.0,89100.0,4670908
2023-03-27,84196.0234375,85500.0,87800.0,84700.0,87500.0,3211190
2023-03-28,87051.8125,88400.0,88700.0,85200.0,85300.0,3180431
2023-03-29,85574.6796875,86900.0,88700.0,86500.0,87400.0,3070422
2023-03-30,87748.6171875,88800.0,90500.0,87700.0,89900.0,4264354
2023-03-31,87551.0078125,88600.0,89500.0,87600.0,89200.0,2676327
2023-04-03,86167.5703125,87200.0,89700.0,86600.0,89700.0,2502220
2023-04-04,83499.5390625,84500.0,85900.0,83700.0,85700.0,16808036
2023-04-05,83598.359375,84600.0,85700.0,84100.0,84300.0,4380498
2023-04-06,82807.828125,83800.0,84700.0,82700.0,83900.0,5379170
2023-04-07,88045.0859375,89100.0,89400.0,86000.0,87900.0,10867359
2023-04-10,89626.125,90700.0,92500.0,88500.0,88700.0,5387514
2023-04-11,90713.109375,91800.0,92200.0,89900.0,90700.0,5001836
2023-04-12,89230.859375,90300.0,92000.0,89700.0,91900.0,4751001
2023-04-13,87649.8125,88700.0,90300.0,88200.0,89500.0,4907552
2023-04-14,88242.703125,89300.0,90300.0,88600.0,90100.0,2324722
2023-04-17,87452.1796875,88500.0,89000.0,87700.0,89000.0,1877825
2023-04-18,86562.8359375,87600.0,89300.0,87300.0,89300.0,1763334
2023-04-19,87155.7265625,88200.0,88500.0,86600.0,88000.0,2024519
2023-04-20,86661.65625,87700.0,88400.0,86200.0,86600.0,1746001
2023-04-21,88045.0859375,89100.0,89800.0,87200.0,87700.0,2624982
2023-04-24,86167.5703125,87200.0,88800.0,87000.0,88100.0,2054455
2023-04-25,84487.703125,85500.0,87800.0,83700.0,87500.0,4096411
2023-04-26,86365.1953125,87400.0,88700.0,86200.0,86400.0,3240654
2023-04-27,87748.6171875,88800.0,89200.0,86000.0,87900.0,2980163
2023-04-28,88440.3359375,89500.0,91400.0,88700.0,90800.0,3737493
2023-05-02,89132.046875,90200.0,90900.0,88900.0,90900.0,2427349
2023-05-03,88736.78125,89800.0,90300.0,88600.0,89000.0,1779615
2023-05-04,87649.8125,88700.0,89600.0,87500.0,88900.0,1794303
2023-05-08,87649.8125,88700.0,90000.0,87700.0,89700.0,2615242
2023-05-09,86266.390625,87300.0,88600.0,86700.0,88400.0,2297473
2023-05-10,85871.125,86900.0,87700.0,86300.0,87200.0,2137658
2023-05-11,85278.21875,86300.0,87300.0,85000.0,86900.0,2806299
2023-05-12,86167.5703125,87200.0,87600.0,86200.0,86300.0,2712372
2023-05-15,85377.046875,86400.0,87100.0,85500.0,87000.0,2357794
2023-05-16,89329.6796875,90400.0,90700.0,88500.0,89500.0,5121364
2023-05-17,90811.9296875,91900.0,92000.0,90300.0,92000.0,3340386
2023-05-18,92491.8046875,93600.0,94000.0,92000.0,92800.0,3473641
2023-05-19,96147.984375,97300.0,97900.0,94900.0,95000.0,5062669
2023-05-22,97037.328125,98200.0,99400.0,97100.0,97700.0,4248401
2023-05-23,96740.8828125,97900.0,99000.0,97000.0,99000.0,2472514
2023-05-24,96543.2578125,97700.0,97800.0,96300.0,97400.0,2097933
2023-05-25,102274.5859375,103500.0,104300.0,101100.0,104300.0,7431586
2023-05-26,107907.1015625,109200.0,110500.0,106100.0,107500.0,10136706
2023-05-30,108994.0703125,110300.0,113400.0,109500.0,113200.0,9058509
2023-05-31,107314.1953125,108600.0,110900.0,108500.0,110000.0,8166685
2023-06-01,108994.0703125,110300.0,110500.0,106000.0,106000.0,5553560
2023-06-02,108994.0703125,110300.0,112700.0,109200.0,111000.0,3991904
2023-06-05,107413.0078125,108700.0,110500.0,108500.0,110100.0,3316020
2023-06-07,106721.3046875,108000.0,109300.0,108000.0,108700.0,3313460
2023-06-08,108401.1796875,109700.0,109700.0,106700.0,107000.0,4355468
2023-06-09,114033.6796875,115400.0,115600.0,108300.0,110300.0,7950947
2023-06-12,113440.7890625,114800.0,115800.0,114000.0,114400.0,2637721
2023-06-13,118085.1484375,119500.0,120100.0,117000.0,117000.0,6232477
2023-06-14,117393.4296875,118800.0,119700.0,118100.0,118800.0,3240260
2023-06-15,117591.0625,119000.0,121100.0,118000.0,120200.0,3778592
2023-06-16,117492.25,118900.0,119800.0,116300.0,117300.0,4303391
2023-06-19,113440.7890625,114800.0,118500.0,113500.0,118000.0,4208396
2023-06-20,114725.3984375,116100.0,117000.0,113200.0,114000.0,3319570
2023-06-21,113737.234375,115100.0,117500.0,114600.0,116200.0,2728146
2023-06-22,112650.2578125,114000.0,115900.0,113400.0,114200.0,2612402
2023-06-23,112255.0,113600.0,115200.0,112500.0,114000.0,2987472
2023-06-26,112156.1875,113500.0,113900.0,111200.0,113100.0,3350758
2023-06-27,111662.109375,113000.0,114000.0,110800.0,114000.0,3602087
2023-06-28,112946.7109375,114300.0,115200.0,112800.0,114200.0,3178571
2023-06-29,115126.3984375,116200.0,117400.0,114500.0,115200.0,4398301
2023-06-30,114135.625,115200.0,115500.0,113200.0,114600.0,2674318
2023-07-03,116513.453125,117600.0,118900.0,115300.0,115300.0,3022009
2023-07-04,116810.6796875,117900.0,118400.0,117200.0,118200.0,1988592
2023-07-05,115621.7734375,116700.0,118200.0,116100.0,118100.0,2483034
2023-07-06,112748.5625,113800.0,116100.0,113100.0,116000.0,3465047
2023-07-07,110767.0390625,111800.0,113000.0,111200.0,112700.0,2781723
2023-07-10,109280.8984375,110300.0,112900.0,109700.0,111800.0,3163245
2023-07-11,112352.2578125,113400.0,113400.0,111200.0,111500.0,2209391
2023-07-12,114333.7734375,115400.0,115400.0,112800.0,113200.0,2228477
2023-07-13,113045.7890625,114100.0,117000.0,113600.0,115400.0,3421492
2023-07-14,116909.765625,118000.0,120200.0,115300.0,115500.0,5817889
2023-07-17,116117.1484375,117200.0,118700.0,116000.0,116900.0,2427281
2023-07-18,116711.6015625,117800.0,119000.0,116700.0,117500.0,2299880
2023-07-19,116414.3828125,117500.0,119100.0,116700.0,118700.0,2580301
2023-07-20,115819.9140625,116900.0,117500.0,115200.0,116500.0,1949776
2023-07-21,114036.546875,115100.0,115100.0,113200.0,114700.0,2745384
2023-07-24,112946.71875,114000.0,114900.0,112900.0,114100.0,2761991
2023-07-25,112352.2578125,113400.0,114200.0,112200.0,114000.0,2678385
2023-07-26,111955.9609375,113000.0,116100.0,111300.0,116000.0,4995935
2023-07-27,122854.328125,124000.0,124000.0,114100.0,115000.0,9638980
2023-07-28,126817.3671875,128000.0,129000.0,122000.0,126200.0,8718746
2023-07-31,122259.8671875,123400.0,128500.0,122500.0,128000.0,4623350
2023-08-01,123944.1640625,125100.0,126400.0,120700.0,124000.0,4656047
2023-08-02,118395.90625,119500.0,124800.0,118700.0,123300.0,3765478
2023-08-03,118891.2890625,120000.0,121300.0,117200.0,119000.0,3498537
2023-08-04,118990.359375,120100.0,120900.0,118100.0,118300.0,2375384
2023-08-07,120773.71875,121900.0,124900.0,120500.0,120600.0,3724826
2023-08-08,117504.2109375,118600.0,122400.0,118300.0,121900.0,2729243
2023-08-09,117405.140625,118500.0,119200.0,117200.0,118500.0,2551668
2023-08-10,117405.140625,118500.0,118500.0,115100.0,117400.0,2622604
2023-08-11,114234.6953125,115300.0,119400.0,115200.0,118000.0,2412381
2023-08-14,113838.40625,114900.0,117300.0,114000.0,114600.0,2038360
2023-08-16,114730.078125,115800.0,118500.0,115000.0,117200.0,3870479
2023-08-17,113739.328125,114800.0,115500.0,112500.0,114300.0,3064253
2023-08-18,116117.1484375,117200.0,118700.0,111800.0,112600.0,3329697
2023-08-21,115324.5390625,116400.0,118500.0,115600.0,117300.0,2621973
2023-08-22,115423.6171875,116500.0,120900.0,114900.0,120000.0,3349473
2023-08-23,114928.2421875,116000.0,116800.0,114100.0,116200.0,2573292
2023-08-24,119782.9609375,120900.0,123600.0,120300.0,122300.0,6368401
2023-08-25,115423.6171875,116500.0,118300.0,115300.0,117400.0,3533647
2023-08-28,114829.1640625,115900.0,117500.0,115500.0,117000.0,1746882
2023-08-29,117504.2109375,118600.0,120300.0,117100.0,118300.0,2682352
2023-08-30,118296.8203125,119400.0,122800.0,119400.0,122400.0,2629711
2023-08-31,120674.640625,121800.0,122800.0,120000.0,121000.0,4403695
2023-09-01,118891.2890625,120000.0,122600.0,119600.0,121400.0,2886011
2023-09-04,118098.671875,119200.0,119700.0,116200.0,118300.0,3491280
2023-09-05,118296.8203125,119400.0,121000.0,117700.0,118100.0,1749591
2023-09-06,117107.9140625,118200.0,120000.0,117800.0,118600.0,1615519
2023-09-07,117405.140625,118500.0,120900.0,117100.0,118200.0,2995088
2023-09-08,112649.4921875,113700.0,117100.0,112800.0,117000.0,4943255
2023-09-11,114829.1640625,115900.0,116000.0,112900.0,113700.0,2542590
2023-09-12,115621.7734375,116700.0,117500.0,113900.0,115400.0,2749688
2023-09-13,117405.140625,118500.0,120700.0,116900.0,117900.0,3860589
2023-09-14,121070.9453125,122200.0,122200.0,118600.0,118600.0,3948784
2023-09-15,121269.109375,122400.0,124400.0,121600.0,122900.0,3579662
2023-09-18,117900.515625,119000.0,122900.0,118800.0,120300.0,2356621
2023-09-19,118098.671875,119200.0,121300.0,118600.0,119400.0,1921912
2023-09-20,116909.765625,118000.0,119700.0,116700.0,118900.0,2228681
2023-09-21,115423.6171875,116500.0,116900.0,114100.0,116000.0,3151900
2023-09-22,116216.2265625,117300.0,117300.0,114200.0,114300.0,2938386
2023-09-25,115919.0,117000.0,117700.0,115700.0,115900.0,2181722
2023-09-26,114230.3828125,115000.0,117200.0,113300.0,117000.0,3237819
2023-09-27,113932.390625,114700.0,115200.0,112300.0,113000.0,3060751
2023-10-04,114627.703125,115400.0,116600.0,113000.0,113000.0,4447702
2023-10-05,119395.578125,120200.0,122900.0,118100.0,122900.0,6112858
2023-10-06,119594.2421875,120400.0,121600.0,119000.0,120200.0,4158083
2023-10-10,118700.265625,119500.0,124300.0,119500.0,122800.0,5580659
2023-10-11,118402.2734375,119200.0,123900.0,119200.0,123000.0,4293299
2023-10-12,123368.8046875,124200.0,124200.0,120500.0,121100.0,4016352
2023-10-13,123865.4609375,124700.0,126300.0,122500.0,123100.0,3205273
2023-10-16,123269.4765625,124100.0,125200.0,122400.0,124700.0,3008476
2023-10-17,129129.9921875,130000.0,130800.0,123500.0,125000.0,6411880
2023-10-18,129129.9921875,130000.0,130700.0,127200.0,128600.0,4760148
2023-10-19,124858.765625,125700.0,128900.0,125100.0,127600.0,5089745
2023-10-20,125355.421875,126200.0,127200.0,122800.0,124300.0,3868266
2023-10-23,123170.1484375,124000.0,127200.0,123500.0,126800.0,2432303
2023-10-24,125951.40625,126800.0,127000.0,123900.0,125400.0,2802010
2023-10-25,126646.71875,127500.0,129000.0,126100.0,127500.0,3053002
2023-10-26,119196.921875,120000.0,124800.0,119500.0,122100.0,5961584
2023-10-27,118302.9375,119100.0,120900.0,117500.0,119800.0,5486088
2023-10-30,118302.9375,119100.0,121700.0,118700.0,119100.0,2798497
2023-10-31,115521.6796875,116300.0,120900.0,116300.0,119800.0,3166739
2023-11-01,119494.90625,120300.0,120300.0,117000.0,117900.0,2707225
2023-11-02,124461.4453125,125300.0,125400.0,123100.0,123900.0,3736208
2023-11-03,124958.1015625,125800.0,127200.0,125000.0,126500.0,2796773
2023-11-06,132109.90625,133000.0,133000.0,125800.0,125800.0,6923192
2023-11-07,129527.3203125,130400.0,133500.0,129300.0,132000.0,4940510
2023-11-08,126746.0546875,127600.0,132700.0,126600.0,131600.0,3328279
2023-11-09,127143.375,128000.0,129800.0,126700.0,127700.0,2228081
2023-11-10,129626.6484375,130500.0,130800.0,127000.0,127900.0,2656526
2023-11-13,130917.953125,131800.0,134100.0,131000.0,133000.0,2644761
2023-11-14,129129.9921875,130000.0,133500.0,130000.0,133500.0,2589591
2023-11-15,133202.546875,134100.0,134200.0,132100.0,133900.0,3616292
2023-11-16,131414.59375,132300.0,134400.0,131200.0,133000.0,2456351
2023-11-17,129030.6640625,129900.0,132000.0,129100.0,131500.0,2438499
2023-11-20,130520.625,131400.0,132000.0,129300.0,129300.0,2004403
2023-11-21,131116.609375,132000.0,133300.0,131600.0,132000.0,2439306
2023-11-22,130421.2890625,131300.0,131600.0,129500.0,129600.0,2128566
2023-11-23,129229.3203125,130100.0,131400.0,129500.0,130600.0,1839516
2023-11-24,127143.375,128000.0,131000.0,128000.0,130600.0,1925668
2023-11-27,129825.3046875,130700.0,130700.0,128400.0,129200.0,2264243
2023-11-28,130520.625,131400.0,132100.0,129900.0,132100.0,2562226
2023-11-29,129527.3203125,130400.0,131000.0,128900.0,130200.0,2227853
2023-11-30,133003.875,133900.0,133900.0,129900.0,129900.0,3625365
2023-12-01,131712.59375,132600.0,133000.0,130800.0,132200.0,3641222
2023-12-04,130222.625,131100.0,134600.0,131100.0,133400.0,2680820
2023-12-05,125057.4296875,125900.0,130000.0,125400.0,129700.0,4375531
2023-12-06,124759.4375,125600.0,127500.0,125400.0,126800.0,2667583
2023-12-07,124759.4375,125600.0,127800.0,124500.0,125600.0,2478565
2023-12-08,126646.71875,127500.0,129100.0,127500.0,128100.0,2762531
2023-12-11,128037.359375,128900.0,129100.0,127300.0,128700.0,3696790
2023-12-12,130123.296875,131000.0,131900.0,130500.0,130600.0,3126577
2023-12-13,130321.9609375,131200.0,132400.0,130000.0,130000.0,2852873
2023-12-14,135785.15625,136700.0,138300.0,133600.0,133700.0,8217135
2023-12-15,139063.078125,140000.0,140000.0,137000.0,137000.0,5011719
2023-12-18,139063.078125,140000.0,140800.0,138900.0,139000.0,2540812
2023-12-19,137275.125,138200.0,140800.0,138100.0,140000.0,2309721
2023-12-20,139559.734375,140500.0,140800.0,139300.0,139900.0,3108011
2023-12-21,139559.734375,140500.0,140600.0,138100.0,139200.0,2737124
2023-12-22,139659.046875,140600.0,143700.0,140600.0,142700.0,3183709
2023-12-26,139957.046875,140900.0,142000.0,139400.0,142000.0,2239789
2023-12-27,139757.96875,140400.0,141600.0,139200.0,140800.0,2336777
2023-12-28,140852.9375,141500.0,141600.0,139500.0,140900.0,2459473
2024-01-02,141748.8125,142400.0,142800.0,139700.0,139700.0,2147458
2024-01-03,136174.421875,136800.0,140800.0,136800.0,140000.0,3257820
2024-01-04,135776.25,136400.0,138800.0,135800.0,136800.0,2661970
2024-01-05,136871.234375,137500.0,137500.0,135800.0,135800.0,1846781
2024-01-08,135378.078125,136000.0,137900.0,135400.0,137500.0,2498302
2024-01-09,136771.6875,137400.0,139500.0,136600.0,139000.0,3473806
2024-01-10,132889.53125,133500.0,138100.0,132100.0,137700.0,3769252
2024-01-11,135378.078125,136000.0,137100.0,132400.0,132400.0,3594909
2024-01-12,133486.765625,134100.0,137300.0,133400.0,136400.0,1878915
2024-01-15,133486.765625,134100.0,135100.0,133500.0,134800.0,353911
2024-01-16,131495.90625,132100.0,133700.0,131100.0,132600.0,3670169
2024-01-17,130400.9453125,131000.0,134500.0,129000.0,133800.0,3822702
2024-01-18,135577.171875,136200.0,136800.0,130600.0,131500.0,3050556
2024-01-19,140653.84375,141300.0,141300.0,137400.0,138700.0,4946040
2024-01-22,141947.90625,142600.0,145400.0,142300.0,145200.0,3784276
2024-01-23,140156.125,140800.0,142800.0,138300.0,142300.0,2912611
2024-01-24,140852.9375,141500.0,141700.0,137600.0,140000.0,2580665
2024-01-25,136771.6875,137400.0,143700.0,136900.0,142700.0,4708651
2024-01-26,135378.078125,136000.0,138600.0,136000.0,136200.0,3247410
2024-01-29,134382.65625,135000.0,137000.0,135000.0,135500.0,2311854
2024-01-30,136273.953125,136900.0,137800.0,134400.0,135300.0,2297631
2024-01-31,134084.046875,134700.0,136600.0,133600.0,134800.0,2815362
2024-02-01,132093.1875,132700.0,135600.0,131700.0,133100.0,3778274
2024-02-02,134283.109375,134900.0,135300.0,132200.0,132300.0,3708253
2024-02-05,131695.0,132300.0,135800.0,131700.0,134900.0,3300954
2024-02-06,137368.9375,138000.0,138400.0,132000.0,133700.0,4672324
2024-02-07,137368.9375,138000.0,138500.0,135500.0,136600.0,3348045
2024-02-08,142146.984375,142800.0,143000.0,137900.0,139000.0,5780714
2024-02-13,149314.0625,150000.0,150000.0,145000.0,146800.0,6902585
2024-02-14,148020.015625,148700.0,149200.0,144900.0,146300.0,4396924
2024-02-15,148219.09375,148900.0,152700.0,148000.0,151300.0,3560211
2024-02-16,146128.6875,146800.0,150600.0,145700.0,150600.0,3265836
2024-02-19,150608.125,151300.0,153200.0,146000.0,146200.0,3997323
2024-02-20,148915.890625,149600.0,151100.0,147500.0,150300.0,3507601
2024-02-21,148318.640625,149000.0,152200.0,147100.0,147100.0,4278500
2024-02-22,155784.359375,156500.0,156500.0,152600.0,154500.0,5966352
2024-02-23,160661.9375,161400.0,166900.0,159800.0,166900.0,7012032
2024-02-26,161060.109375,161800.0,164800.0,158400.0,158400.0,4329477
2024-02-27,153096.6875,153800.0,160000.0,153300.0,159000.0,6107954
2024-02-28,157277.484375,158000.0,159200.0,153800.0,154500.0,3666960
2024-02-29,155485.703125,156200.0,158400.0,154500.0,154900.0,3386307
2024-03-04,165738.609375,166500.0,168100.0,160700.0,161000.0,5230909
2024-03-05,165041.8125,165800.0,169000.0,164100.0,165100.0,3612530
2024-03-06,162155.0625,162900.0,165500.0,162700.0,164100.0,2672526
2024-03-07,164145.921875,164900.0,165900.0,161000.0,164500.0,3052700
2024-03-08,171113.921875,171900.0,174900.0,169300.0,169800.0,5089650
2024-03-11,165838.15625,166600.0,168900.0,164700.0,165000.0,3450905
2024-03-12,164942.265625,165700.0,167200.0,164000.0,166100.0,3102706
2024-03-13,162851.859375,163600.0,169700.0,162000.0,168600.0,5072935
2024-03-14,161159.640625,161900.0,164200.0,161100.0,163600.0,3655060
2024-03-15,160462.84375,161200.0,162900.0,158600.0,159600.0,4099531
2024-03-18,163548.6875,164300.0,164500.0,161000.0,161200.0,2696598
2024-03-19,159467.421875,160200.0,161800.0,157600.0,161700.0,4159293
2024-03-20,155784.359375,156500.0,161400.0,154100.0,160200.0,5692523
2024-03-21,169222.609375,170000.0,171400.0,162600.0,165200.0,9205769
2024-03-22,169023.515625,169800.0,173900.0,167400.0,169000.0,5400916
2024-03-25,168625.34375,169400.0,174800.0,168500.0,170500.0,3434516
2024-03-26,175792.421875,176600.0,179500.0,171900.0,172000.0,6549669
2024-03-27,180371.375,181200.0,183000.0,175600.0,176700.0,5774536
2024-03-28,177679.28125,178200.0,182100.0,178000.0,178000.0,3424716
2024-03-29,182465.265625,183000.0,183900.0,177600.0,179200.0,3035080
2024-04-01,184957.953125,185500.0,190500.0,185000.0,186400.0,2723474
2024-04-02,185755.609375,186300.0,190000.0,184400.0,188000.0,4207759
2024-04-03,178676.359375,179200.0,183700.0,178200.0,182000.0,5416518
2024-04-04,187450.65625,188000.0,188500.0,184000.0,184400.0,5344102
2024-04-05,182265.84375,182800.0,187600.0,181800.0,184800.0,4043133
2024-04-08,180670.5,181200.0,183900.0,180000.0,183900.0,3278855
2024-04-09,182365.546875,182900.0,185300.0,181700.0,182300.0,2302751
2024-04-11,187849.46875,188400.0,188400.0,182400.0,182900.0,4098231
2024-04-12,186852.390625,187400.0,191400.0,187000.0,188700.0,3097301
2024-04-15,187650.046875,188200.0,188400.0,183000.0,185400.0,2672047
2024-04-16,178576.65625,179100.0,185500.0,178300.0,184400.0,4956035
2024-04-17,178177.8125,178700.0,182500.0,177700.0,179600.0,4340591
2024-04-18,181767.296875,182300.0,183300.0,175400.0,176000.0,4170243
2024-04-19,172793.59375,173300.0,178500.0,169500.0,177200.0,7545976
2024-04-22,171098.5625,171600.0,172400.0,167000.0,170700.0,5882906
2024-04-23,170500.328125,171000.0,173700.0,169700.0,172600.0,3975371
2024-04-24,179274.609375,179800.0,180200.0,176300.0,178900.0,4254632
2024-04-25,170101.484375,170600.0,176700.0,170600.0,173800.0,5332149
2024-04-26,177280.453125,177800.0,178300.0,174900.0,176200.0,5471765
2024-04-29,175386.0,175900.0,180400.0,175600.0,179100.0,2892809
2024-04-30,173690.96875,174200.0,179000.0,173800.0,175900.0,3655060
2024-05-02,173092.71875,173600.0,174700.0,169000.0,169000.0,3168250
2024-05-03,172693.890625,173200.0,177500.0,173200.0,177000.0,2336256
2024-05-07,179075.1875,179600.0,180900.0,179300.0,179400.0,4349589
2024-05-08,177479.875,178000.0,179400.0,176000.0,177600.0,2304744
2024-05-09,174887.453125,175400.0,179400.0,175400.0,179000.0,2861600
2024-05-10,179374.3125,179900.0,180100.0,176400.0,176500.0,2813668
2024-05-13,183262.921875,183800.0,184000.0,179000.0,180000.0,3230023
2024-05-14,184758.53125,185300.0,185800.0,181800.0,184200.0,2763069
2024-05-16,192436.046875,193000.0,194000.0,191100.0,191100.0,5083178
2024-05-17,189345.09375,189900.0,193500.0,189900.0,192000.0,2841394
2024-05-20,189544.5,190100.0,193200.0,188600.0,192300.0,3592128
2024-05-21,191438.96875,192000.0,193500.0,191200.0,193400.0,2468109
2024-05-22,197122.296875,197700.0,197700.0,190900.0,191900.0,3949439
2024-05-23,199415.578125,200000.0,204000.0,198200.0,203500.0,4681849
2024-05-24,198019.671875,198600.0,202500.0,197500.0,199800.0,3793872
2024-05-27,200911.203125,201500.0,209000.0,199100.0,203500.0,4774882
2024-05-28,201908.28125,202500.0,205500.0,200500.0,202500.0,2084945
2024-05-29,201908.28125,202500.0,210000.0,200500.0,210000.0,3073139
2024-05-30,195128.140625,195700.0,202500.0,195700.0,202500.0,2402236
2024-05-31,188647.125,189200.0,195200.0,188200.0,194400.0,5958829
2024-06-03,193632.515625,194200.0,194600.0,188200.0,189500.0,2982443
2024-06-04,192735.15625,193300.0,196500.0,192900.0,196400.0,1996780
2024-06-05,193133.984375,193700.0,195200.0,188800.0,189400.0,2709631
2024-06-07,206893.671875,207500.0,207500.0,197300.0,199500.0,4805326
2024-06-10,207392.203125,208000.0,209500.0,205000.0,206000.0,2448961
2024-06-11,211879.0625,212500.0,215000.0,206000.0,210000.0,3070163
2024-06-12,214371.75,215000.0,216000.0,211000.0,212000.0,2151331
2024-06-13,221351.296875,222000.0,226500.0,219000.0,226000.0,5777279
2024-06-14,220354.21875,221000.0,225000.0,216000.0,225000.0,3311223
2024-06-17,222348.375,223000.0,229500.0,219000.0,219000.0,2198340
2024-06-18,233814.78125,234500.0,234500.0,227000.0,227000.0,3136231
2024-06-19,232817.703125,233500.0,243000.0,231500.0,235000.0,3758652
2024-06-20,236806.0,237500.0,238500.0,231000.0,233500.0,2927358
2024-06-21,233316.234375,234000.0,234500.0,230000.0,230500.0,3848394
2024-06-24,222348.375,223000.0,230000.0,220000.0,228000.0,5080726
2024-06-25,224342.53125,225000.0,225000.0,215000.0,215500.0,5730999
2024-06-26,236307.46875,237000.0,238500.0,227500.0,228000.0,5166862
2024-06-27,236107.796875,236500.0,239000.0,227500.0,229500.0,3763005
2024-06-28,236107.796875,236500.0,237500.0,232500.0,235500.0,2368287
2024-07-01,235109.453125,235500.0,236500.0,232000.0,233500.0,1709955
2024-07-02,231615.25,232000.0,237000.0,230500.0,235500.0,2343947
2024-07-03,235608.625,236000.0,236000.0,225000.0,231000.0,3315677
2024-07-04,229618.578125,230000.0,240500.0,225000.0,240500.0,7599882
2024-07-05,235608.625,236000.0,237500.0,227500.0,228500.0,4041293
2024-07-08,233112.765625,233500.0,237000.0,232500.0,234000.0,2309023
2024-07-09,238104.46875,238500.0,241000.0,233000.0,235500.0,4810781
2024-07-10,238603.640625,239000.0,239000.0,234000.0,237500.0,2579373
2024-07-11,240600.328125,241000.0,248500.0,241000.0,242500.0,5336097
2024-07-12,232613.59375,233000.0,236000.0,230000.0,232000.0,4972976
2024-07-15,229618.578125,230000.0,235500.0,226500.0,235000.0,3301380
2024-07-16,232613.59375,233000.0,235000.0,224000.0,226500.0,3982189
2024-07-17,220134.328125,220500.0,230000.0,220500.0,229500.0,6051510
2024-07-18,212147.59375,212500.0,215000.0,209000.0,212500.0,8847665
2024-07-19,209152.5625,209500.0,214000.0,207000.0,208500.0,4519170
2024-07-22,204660.03125,205000.0,209500.0,200500.0,209000.0,6662441
2024-07-23,204660.03125,205000.0,209500.0,200500.0,208500.0,5976519
2024-07-24,208154.234375,208500.0,212500.0,200000.0,202000.0,4838734
2024-07-25,189684.90625,190000.0,198800.0,189000.0,196200.0,12503762
2024-07-26,191481.921875,191800.0,194500.0,186100.0,190800.0,8769107
2024-07-29,195275.625,195600.0,195700.0,192200.0,195000.0,4017366
2024-07-30,188586.734375,188900.0,192200.0,186500.0,191300.0,5165131
2024-07-31,194277.28125,194600.0,195000.0,185200.0,188000.0,6439929
2024-08-01,192979.4375,193300.0,201500.0,193300.0,201500.0,6457167
2024-08-02,172912.765625,173200.0,184000.0,172400.0,183600.0,13050139
2024-08-05,155841.125,156100.0,171200.0,151600.0,168000.0,12358821
2024-08-06,163428.515625,163700.0,166400.0,161500.0,165100.0,10717321
2024-08-07,169019.234375,169300.0,171000.0,157400.0,160900.0,9732037
2024-08-08,163129.015625,163400.0,168200.0,161200.0,162600.0,5370361
2024-08-09,171215.59375,171500.0,172800.0,168800.0,172800.0,5141277
2024-08-12,176706.46875,177000.0,179800.0,172600.0,174500.0,4413736
2024-08-13,181598.34375,181900.0,182400.0,178800.0,179900.0,4234287
2024-08-14,186390.375,186700.0,188100.0,184700.0,188000.0,4420516
2024-08-16,199368.828125,199700.0,200000.0,194700.0,196000.0,6959688
2024-08-19,193578.4375,193900.0,199900.0,192400.0,199900.0,3977026
2024-08-20,199368.828125,199700.0,202500.0,198100.0,198700.0,4258190
2024-08-21,192280.59375,192600.0,195400.0,191100.0,193000.0,4508983
2024-08-22,190783.078125,191100.0,194400.0,189000.0,192000.0,3166217
2024-08-23,185192.375,185500.0,189300.0,185400.0,186000.0,4371332
2024-08-26,179302.15625,179600.0,188500.0,179600.0,187800.0,4913204
2024-08-27,174709.78125,175000.0,180200.0,173400.0,176800.0,5796566
2024-08-28,179002.65625,179300.0,180800.0,174000.0,175000.0,5590086
2024-08-29,169418.578125,169700.0,171700.0,167200.0,167600.0,8284585
2024-08-30,173411.9375,173700.0,175500.0,169400.0,171000.0,4498221
2024-09-02,173711.4375,174000.0,174900.0,168400.0,173600.0,3507670
2024-09-03,168020.890625,168300.0,173800.0,168300.0,172900.0,3286574
2024-09-04,154543.28125,154800.0,159000.0,152900.0,152900.0,10020391
2024-09-05,159135.65625,159400.0,163000.0,156600.0,157000.0,5349484
2024-09-06,156140.625,156400.0,158200.0,154900.0,157100.0,3459914
2024-09-09,156739.640625,157000.0,157700.0,150500.0,151800.0,4484162
2024-09-10,155242.125,155500.0,161700.0,154300.0,157400.0,4718523
2024-09-11,156939.296875,157200.0,158700.0,154300.0,156800.0,3203928
2024-09-12,168520.0625,168800.0,171300.0,163800.0,165200.0,8628996
2024-09-13,162530.015625,162800.0,166700.0,161100.0,166500.0,5246578
2024-09-19,152546.59375,152800.0,155700.0,144700.0,154700.0,15001257
2024-09-20,156839.46875,157100.0,160800.0,155900.0,160500.0,7155655
2024-09-23,161731.34375,162000.0,162900.0,155700.0,155800.0,4497592
2024-09-24,163228.859375,163500.0,163700.0,159200.0,163700.0,3442530
2024-09-25,165025.875,165300.0,169300.0,165000.0,166700.0,4665075
2024-09-26,180600.0,180900.0,180900.0,176200.0,178400.0,9519633
2024-09-27,183800.0,183800.0,189300.0,183800.0,187500.0,6886272
2024-09-30,174600.0,174600.0,183800.0,174600.0,183700.0,4859468
2024-10-02,169100.0,169100.0,175500.0,169100.0,172700.0,4720638
2024-10-04,174100.0,174100.0,175600.0,170700.0,171700.0,3633358
2024-10-07,184900.0,184900.0,184900.0,176000.0,178400.0,3904925
2024-10-08,178000.0,178000.0,185000.0,178000.0,182200.0,3988028
2024-10-10,186700.0,186700.0,188100.0,183400.0,184500.0,6325045
2024-10-11,186000.0,186000.0,191200.0,185100.0,190000.0,3475666
2024-10-14,186000.0,186000.0,192300.0,186900.0,186900.0,3309274
2024-10-15,192900.0,192900.0,193200.0,189700.0,191900.0,4060365
2024-10-16,188700.0,188700.0,192500.0,183600.0,184700.0,4787317
2024-10-17,196000.0,196000.0,196000.0,188700.0,191200.0,3996946
2024-10-18,187300.0,187300.0,198200.0,186200.0,198200.0,5509895
2024-10-21,190900.0,190900.0,192300.0,188000.0,189400.0,2428544
2024-10-22,187800.0,187800.0,195300.0,187500.0,195300.0,3466963
2024-10-23,196000.0,196000.0,196700.0,188000.0,188500.0,4366079
2024-10-24,198200.0,198200.0,202000.0,190000.0,193500.0,6344515
2024-10-25,201000.0,201000.0,206000.0,199400.0,203000.0,5530362
2024-10-28,196000.0,196000.0,205000.0,194200.0,203500.0,4114186
2024-10-29,190300.0,190300.0,197000.0,189100.0,196000.0,4067991
2024-10-30,195000.0,195000.0,195400.0,189400.0,190200.0,3580400
2024-10-31,186300.0,186300.0,192900.0,186100.0,189900.0,4573282
2024-11-01,182200.0,182200.0,184900.0,180500.0,182500.0,3478519
2024-11-04,194000.0,194000.0,194000.0,183700.0,185200.0,3569575
2024-11-05,193200.0,193200.0,198800.0,192100.0,193600.0,3560310
2024-11-06,195800.0,195800.0,199200.0,192700.0,197700.0,3460361
2024-11-07,195800.0,195800.0,198300.0,193100.0,197400.0,2976546
2024-11-08,200500.0,200500.0,203000.0,198800.0,200500.0,3031573
2024-11-11,192600.0,192600.0,199300.0,192400.0,199300.0,2636191
2024-11-12,185800.0,185800.0,192500.0,184900.0,192500.0,3920254
2024-11-13,182900.0,182900.0,189500.0,182600.0,185700.0,3172827
2024-11-14,173000.0,173000.0,184900.0,171700.0,182900.0,6309368
2024-11-15,178200.0,178200.0,179000.0,173600.0,174000.0,4330750
2024-11-18,171700.0,171700.0,177800.0,170300.0,173800.0,3885644
2024-11-19,170600.0,170600.0,172900.0,168100.0,170400.0,4075013
2024-11-20,170600.0,170600.0,175100.0,170200.0,175000.0,3689296
2024-11-21,168800.0,168800.0,173000.0,168200.0,168200.0,3821502
2024-11-22,176700.0,176700.0,178200.0,171200.0,171700.0,3919973
2024-11-25,177000.0,177000.0,179500.0,173900.0,174500.0,4393882
2024-11-26,177100.0,177100.0,177700.0,174700.0,175200.0,1996128
2024-11-27,168300.0,168300.0,175700.0,167900.0,175600.0,4756820
2024-11-28,161100.0,161100.0,166300.0,160800.0,164600.0,5691298
2024-11-29,159900.0,159900.0,162400.0,157600.0,160000.0,4682788
2024-12-02,158800.0,158800.0,162700.0,158600.0,162200.0,3558868
2024-12-03,164900.0,164900.0,165100.0,159100.0,159200.0,4180365
2024-12-04,168000.0,168000.0,168000.0,161100.0,161300.0,5701792
2024-12-05,173000.0,173000.0,175600.0,169300.0,170000.0,4671438
2024-12-06,167100.0,167100.0,173600.0,165000.0,173500.0,4434259
2024-12-10,170400.0,170400.0,170400.0,167600.0,168000.0,3159112
